match_id,season,date,city,venue,match_type,team1,team2,toss_winner,toss_decision,winner,result,result_margin,super_over,method,target_runs,target_overs,player_of_match
335982,2008,2008-04-18,Bengaluru,M Chinnaswamy Stadium,League,Royal Challengers Bengaluru,Kolkata Knight Riders,Royal Challengers Bengaluru,field,Kolkata Knight Riders,runs,140,N,Standard,223.0,20.0,BB McCullum
335983,2008,2008-04-19,Chandigarh,Punjab Cricket Association IS Bindra Stadium,League,Punjab Kings,Chennai Super Kings,Chennai Super Kings,bat,Chennai Super Kings,runs,33,N,Standard,241.0,20.0,MEK Hussey
335984,2008,2008-04-19,Delhi,Arun Jaitley Stadium,League,Delhi Capitals,Rajasthan Royals,Rajasthan Royals,bat,Delhi Capitals,wickets,9,N,Standard,130.0,20.0,MF Maharoof
335985,2008,2008-04-20,Mumbai,Wankhede Stadium,League,Mumbai Indians,Royal Challengers Bengaluru,Mumbai Indians,bat,Royal Challengers Bengaluru,wickets,5,N,Standard,166.0,20.0,MV Boucher
335986,2008,2008-04-20,Kolkata,Eden Gardens,League,Kolkata Knight Riders,Deccan Chargers,Deccan Chargers,bat,Kolkata Knight Riders,wickets,5,N,Standard,111.0,20.0,DJ Hussey
335987,2008,2008-04-21,Jaipur,Sawai Mansingh Stadium,League,Rajasthan Royals,Punjab Kings,Punjab Kings,bat,Rajasthan Royals,wickets,6,N,Standard,167.0,20.0,SR Watson
335988,2008,2008-04-22,Hyderabad,Rajiv Gandhi International Stadium,League,Deccan Chargers,Delhi Capitals,Deccan Chargers,bat,Delhi Capitals,wickets,9,N,Standard,143.0,20.0,V Sehwag
335989,2008,2008-04-23,Chennai,MA Chidambaram Stadium,League,Chennai Super Kings,Mumbai Indians,Mumbai Indians,field,Chennai Super Kings,runs,6,N,Standard,209.0,20.0,ML Hayden
335990,2008,2008-04-24,Hyderabad,Rajiv Gandhi International Stadium,League,Deccan Chargers,Rajasthan Royals,Rajasthan Royals,field,Rajasthan Royals,wickets,3,N,Standard,215.0,20.0,YK Pathan
335991,2008,2008-04-25,Chandigarh,Punjab Cricket Association IS Bindra Stadium,League,Punjab Kings,Mumbai Indians,Mumbai Indians,field,Punjab Kings,runs,66,N,Standard,183.0,20.0,KC Sangakkara
335992,2008,2008-04-26,Bengaluru,M Chinnaswamy Stadium,League,Royal Challengers Bengaluru,Rajasthan Royals,Rajasthan Royals,field,Rajasthan Royals,wickets,7,N,Standard,136.0,20.0,SR Watson
335993,2008,2008-04-26,Chennai,MA Chidambaram Stadium,League,Chennai Super Kings,Kolkata Knight Riders,Kolkata Knight Riders,bat,Chennai Super Kings,wickets,9,N,Standard,148.0,20.0,JDP Oram
335994,2008,2008-04-27,Mumbai,Dr DY Patil Sports Academy,League,Mumbai Indians,Deccan Chargers,Deccan Chargers,field,Deccan Chargers,wickets,10,N,Standard,155.0,20.0,AC Gilchrist
335995,2008,2008-04-27,Chandigarh,Punjab Cricket Association IS Bindra Stadium,League,Punjab Kings,Delhi Capitals,Delhi Capitals,bat,Punjab Kings,wickets,4,N,Standard,159.0,20.0,SM Katich
335996,2008,2008-04-28,Bengaluru,M Chinnaswamy Stadium,League,Royal Challengers Bengaluru,Chennai Super Kings,Chennai Super Kings,bat,Chennai Super Kings,runs,13,N,Standard,179.0,20.0,MS Dhoni
335997,2008,2008-04-29,Kolkata,Eden Gardens,League,Kolkata Knight Riders,Mumbai Indians,Kolkata Knight Riders,bat,Mumbai Indians,wickets,7,N,Standard,138.0,20.0,ST Jayasuriya
335998,2008,2008-04-30,Delhi,Arun Jaitley Stadium,League,Delhi Capitals,Royal Challengers Bengaluru,Royal Challengers Bengaluru,field,Delhi Capitals,runs,10,N,Standard,192.0,20.0,GD McGrath
335999,2008,2008-05-01,Hyderabad,Rajiv Gandhi International Stadium,League,Deccan Chargers,Punjab Kings,Punjab Kings,field,Punjab Kings,wickets,7,N,Standard,165.0,20.0,SE Marsh
336000,2008,2008-05-01,Jaipur,Sawai Mansingh Stadium,League,Rajasthan Royals,Kolkata Knight Riders,Rajasthan Royals,bat,Rajasthan Royals,runs,45,N,Standard,197.0,20.0,SA Asnodkar
336001,2008,2008-05-02,Chennai,MA Chidambaram Stadium,League,Chennai Super Kings,Delhi Capitals,Chennai Super Kings,bat,Delhi Capitals,wickets,8,N,Standard,170.0,20.0,V Sehwag
336002,2008,2008-05-25,Hyderabad,Rajiv Gandhi International Stadium,League,Deccan Chargers,Royal Challengers Bengaluru,Deccan Chargers,bat,Royal Challengers Bengaluru,wickets,5,N,Standard,166.0,20.0,R Vinay Kumar
336003,2008,2008-05-03,Chandigarh,Punjab Cricket Association IS Bindra Stadium,League,Punjab Kings,Kolkata Knight Riders,Punjab Kings,bat,Punjab Kings,runs,9,N,Standard,179.0,20.0,IK Pathan
336004,2008,2008-05-04,Mumbai,Dr DY Patil Sports Academy,League,Mumbai Indians,Delhi Capitals,Delhi Capitals,field,Mumbai Indians,runs,29,N,Standard,163.0,20.0,SM Pollock
336005,2008,2008-05-04,Jaipur,Sawai Mansingh Stadium,League,Rajasthan Royals,Chennai Super Kings,Chennai Super Kings,bat,Rajasthan Royals,wickets,8,N,Standard,110.0,20.0,Sohail Tanvir
336006,2008,2008-05-05,Bengaluru,M Chinnaswamy Stadium,League,Royal Challengers Bengaluru,Punjab Kings,Punjab Kings,field,Punjab Kings,wickets,6,N,Standard,127.0,20.0,S Sreesanth
336007,2008,2008-05-06,Chennai,MA Chidambaram Stadium,League,Chennai Super Kings,Deccan Chargers,Deccan Chargers,field,Deccan Chargers,wickets,7,N,Standard,145.0,20.0,AC Gilchrist
336008,2008,2008-05-07,Mumbai,Dr DY Patil Sports Academy,League,Mumbai Indians,Rajasthan Royals,Mumbai Indians,field,Mumbai Indians,wickets,7,N,Standard,104.0,20.0,A Nehra
336009,2008,2008-05-08,Delhi,Arun Jaitley Stadium,League,Delhi Capitals,Chennai Super Kings,Chennai Super Kings,field,Chennai Super Kings,wickets,4,N,Standard,188.0,20.0,MS Dhoni
336010,2008,2008-05-08,Kolkata,Eden Gardens,League,Kolkata Knight Riders,Royal Challengers Bengaluru,Kolkata Knight Riders,bat,Kolkata Knight Riders,runs,5,N,Standard,130.0,16.0,SC Ganguly
336011,2008,2008-05-09,Jaipur,Sawai Mansingh Stadium,League,Rajasthan Royals,Deccan Chargers,Rajasthan Royals,field,Rajasthan Royals,wickets,8,N,Standard,141.0,20.0,YK Pathan
336012,2008,2008-05-28,Bengaluru,M Chinnaswamy Stadium,League,Royal Challengers Bengaluru,Mumbai Indians,Mumbai Indians,field,Mumbai Indians,wickets,9,N,Standard,123.0,18.0,CRD Fernando
336013,2008,2008-05-10,Chennai,MA Chidambaram Stadium,League,Chennai Super Kings,Punjab Kings,Punjab Kings,field,Chennai Super Kings,runs,18,N,Standard,182.0,20.0,L Balaji
336014,2008,2008-05-11,Hyderabad,Rajiv Gandhi International Stadium,League,Deccan Chargers,Kolkata Knight Riders,Kolkata Knight Riders,bat,Kolkata Knight Riders,runs,23,N,Standard,205.0,20.0,SC Ganguly
336015,2008,2008-05-11,Jaipur,Sawai Mansingh Stadium,League,Rajasthan Royals,Delhi Capitals,Rajasthan Royals,field,Rajasthan Royals,wickets,3,N,Standard,157.0,20.0,SR Watson
336016,2008,2008-05-12,Chandigarh,Punjab Cricket Association IS Bindra Stadium,League,Punjab Kings,Royal Challengers Bengaluru,Royal Challengers Bengaluru,bat,Punjab Kings,wickets,9,N,Standard,144.0,20.0,SE Marsh
336017,2008,2008-05-13,Kolkata,Eden Gardens,League,Kolkata Knight Riders,Delhi Capitals,Kolkata Knight Riders,bat,Kolkata Knight Riders,runs,23,N,Standard,134.0,20.0,Shoaib Akhtar
336018,2008,2008-05-14,Mumbai,Wankhede Stadium,League,Mumbai Indians,Chennai Super Kings,Mumbai Indians,field,Mumbai Indians,wickets,9,N,Standard,157.0,20.0,ST Jayasuriya
336019,2008,2008-05-28,Chandigarh,Punjab Cricket Association IS Bindra Stadium,League,Punjab Kings,Rajasthan Royals,Rajasthan Royals,field,Punjab Kings,runs,41,N,Standard,222.0,20.0,SE Marsh
336020,2008,2008-05-15,Delhi,Arun Jaitley Stadium,League,Delhi Capitals,Deccan Chargers,Deccan Chargers,field,Delhi Capitals,runs,12,N,Standard,195.0,20.0,A Mishra
336021,2008,2008-05-16,Mumbai,Wankhede Stadium,League,Mumbai Indians,Kolkata Knight Riders,Mumbai Indians,field,Mumbai Indians,wickets,8,N,Standard,68.0,20.0,SM Pollock
336022,2008,2008-05-17,Delhi,Arun Jaitley Stadium,League,Delhi Capitals,Punjab Kings,Delhi Capitals,bat,Punjab Kings,runs,6,N,D/L,89.0,8.0,DPMD Jayawardene
336023,2008,2008-05-17,Jaipur,Sawai Mansingh Stadium,League,Rajasthan Royals,Royal Challengers Bengaluru,Royal Challengers Bengaluru,field,Rajasthan Royals,runs,65,N,Standard,198.0,20.0,GC Smith
336024,2008,2008-05-18,Hyderabad,Rajiv Gandhi International Stadium,League,Deccan Chargers,Mumbai Indians,Deccan Chargers,field,Mumbai Indians,runs,25,N,Standard,179.0,20.0,DJ Bravo
336025,2008,2008-05-18,Kolkata,Eden Gardens,League,Kolkata Knight Riders,Chennai Super Kings,Kolkata Knight Riders,bat,Chennai Super Kings,runs,3,N,D/L,53.0,8.0,M Ntini
336026,2008,2008-05-19,Bengaluru,M Chinnaswamy Stadium,League,Royal Challengers Bengaluru,Delhi Capitals,Delhi Capitals,field,Delhi Capitals,wickets,5,N,Standard,155.0,20.0,SP Goswami
336027,2008,2008-05-20,Kolkata,Eden Gardens,League,Kolkata Knight Riders,Rajasthan Royals,Rajasthan Royals,field,Rajasthan Royals,wickets,6,N,Standard,148.0,20.0,YK Pathan
336028,2008,2008-05-21,Mumbai,Wankhede Stadium,League,Mumbai Indians,Punjab Kings,Mumbai Indians,field,Punjab Kings,runs,1,N,Standard,190.0,20.0,SE Marsh
336029,2008,2008-05-21,Chennai,MA Chidambaram Stadium,League,Chennai Super Kings,Royal Challengers Bengaluru,Royal Challengers Bengaluru,bat,Royal Challengers Bengaluru,runs,14,N,Standard,127.0,20.0,A Kumble
336031,2008,2008-05-23,Chandigarh,Punjab Cricket Association IS Bindra Stadium,League,Punjab Kings,Deccan Chargers,Punjab Kings,field,Punjab Kings,wickets,6,N,Standard,176.0,20.0,SE Marsh
336032,2008,2008-05-24,Delhi,Arun Jaitley Stadium,League,Delhi Capitals,Mumbai Indians,Delhi Capitals,field,Delhi Capitals,wickets,5,N,Standard,177.0,20.0,KD Karthik
336033,2008,2008-05-24,Chennai,MA Chidambaram Stadium,League,Chennai Super Kings,Rajasthan Royals,Rajasthan Royals,bat,Rajasthan Royals,runs,10,N,Standard,212.0,20.0,JA Morkel
336034,2008,2008-05-03,Bengaluru,M Chinnaswamy Stadium,League,Royal Challengers Bengaluru,Deccan Chargers,Deccan Chargers,field,Royal Challengers Bengaluru,runs,3,N,Standard,157.0,20.0,P Kumar
336035,2008,2008-05-25,Kolkata,Eden Gardens,League,Kolkata Knight Riders,Punjab Kings,Punjab Kings,bat,Kolkata Knight Riders,wickets,3,N,Standard,175.0,20.0,Umar Gul
336036,2008,2008-05-26,Jaipur,Sawai Mansingh Stadium,League,Rajasthan Royals,Mumbai Indians,Rajasthan Royals,field,Rajasthan Royals,wickets,5,N,Standard,146.0,20.0,Sohail Tanvir
336037,2008,2008-05-27,Hyderabad,Rajiv Gandhi International Stadium,League,Deccan Chargers,Chennai Super Kings,Deccan Chargers,bat,Chennai Super Kings,wickets,7,N,Standard,148.0,20.0,SK Raina
336038,2008,2008-05-30,Mumbai,Wankhede Stadium,Semi Final,Delhi Capitals,Rajasthan Royals,Delhi Capitals,field,Rajasthan Royals,runs,105,N,Standard,193.0,20.0,SR Watson
336039,2008,2008-05-31,Mumbai,Wankhede Stadium,Semi Final,Chennai Super Kings,Punjab Kings,Punjab Kings,bat,Chennai Super Kings,wickets,9,N,Standard,113.0,20.0,M Ntini
336040,2008,2008-06-01,Mumbai,Dr DY Patil Sports Academy,Final,Chennai Super Kings,Rajasthan Royals,Rajasthan Royals,field,Rajasthan Royals,wickets,3,N,Standard,164.0,20.0,YK Pathan
392181,2009,2009-04-18,Cape Town,Newlands,League,Chennai Super Kings,Mumbai Indians,Chennai Super Kings,field,Mumbai Indians,runs,19,N,Standard,166.0,20.0,SR Tendulkar
392182,2009,2009-04-18,Cape Town,Newlands,League,Royal Challengers Bengaluru,Rajasthan Royals,Royal Challengers Bengaluru,bat,Royal Challengers Bengaluru,runs,75,N,Standard,134.0,20.0,R Dravid
392183,2009,2009-04-19,Cape Town,Newlands,League,Delhi Capitals,Punjab Kings,Delhi Capitals,field,Delhi Capitals,wickets,10,N,D/L,54.0,6.0,DL Vettori
392184,2009,2009-04-19,Cape Town,Newlands,League,Deccan Chargers,Kolkata Knight Riders,Kolkata Knight Riders,bat,Deccan Chargers,wickets,8,N,Standard,102.0,20.0,RP Singh
392185,2009,2009-04-20,Port Elizabeth,St George's Park,League,Royal Challengers Bengaluru,Chennai Super Kings,Chennai Super Kings,bat,Chennai Super Kings,runs,92,N,Standard,180.0,20.0,M Muralitharan
392186,2009,2009-04-21,Durban,Kingsmead,League,Punjab Kings,Kolkata Knight Riders,Kolkata Knight Riders,field,Kolkata Knight Riders,runs,11,N,D/L,69.0,9.2,CH Gayle
392188,2009,2009-04-22,Cape Town,Newlands,League,Royal Challengers Bengaluru,Deccan Chargers,Deccan Chargers,bat,Deccan Chargers,runs,24,N,Standard,185.0,20.0,AC Gilchrist
392189,2009,2009-04-23,Durban,Kingsmead,League,Chennai Super Kings,Delhi Capitals,Delhi Capitals,bat,Delhi Capitals,runs,9,N,Standard,190.0,20.0,AB de Villiers
392190,2009,2009-04-23,Cape Town,Newlands,League,Kolkata Knight Riders,Rajasthan Royals,Kolkata Knight Riders,field,Rajasthan Royals,tie,0,Y,Standard,151.0,20.0,YK Pathan
392191,2009,2009-04-24,Durban,Kingsmead,League,Royal Challengers Bengaluru,Punjab Kings,Royal Challengers Bengaluru,bat,Punjab Kings,wickets,7,N,Standard,169.0,20.0,RS Bopara
392192,2009,2009-04-25,Durban,Kingsmead,League,Deccan Chargers,Mumbai Indians,Deccan Chargers,bat,Deccan Chargers,runs,12,N,Standard,169.0,20.0,PP Ojha
392194,2009,2009-04-26,Port Elizabeth,St George's Park,League,Royal Challengers Bengaluru,Delhi Capitals,Royal Challengers Bengaluru,bat,Delhi Capitals,wickets,6,N,Standard,150.0,20.0,TM Dilshan
392195,2009,2009-04-26,Cape Town,Newlands,League,Punjab Kings,Rajasthan Royals,Punjab Kings,bat,Punjab Kings,runs,27,N,Standard,140.0,20.0,KC Sangakkara
392196,2009,2009-04-27,Durban,Kingsmead,League,Chennai Super Kings,Deccan Chargers,Deccan Chargers,field,Deccan Chargers,wickets,6,N,Standard,166.0,20.0,HH Gibbs
392197,2009,2009-04-27,Port Elizabeth,St George's Park,League,Kolkata Knight Riders,Mumbai Indians,Mumbai Indians,bat,Mumbai Indians,runs,92,N,Standard,188.0,20.0,SR Tendulkar
392198,2009,2009-04-28,Centurion,SuperSport Park,League,Delhi Capitals,Rajasthan Royals,Delhi Capitals,bat,Rajasthan Royals,wickets,5,N,Standard,144.0,20.0,YK Pathan
392199,2009,2009-04-29,Durban,Kingsmead,League,Royal Challengers Bengaluru,Kolkata Knight Riders,Kolkata Knight Riders,bat,Royal Challengers Bengaluru,wickets,5,N,Standard,140.0,20.0,MV Boucher
392200,2009,2009-04-29,Durban,Kingsmead,League,Punjab Kings,Mumbai Indians,Punjab Kings,bat,Punjab Kings,runs,3,N,Standard,120.0,20.0,KC Sangakkara
392201,2009,2009-04-30,Centurion,SuperSport Park,League,Deccan Chargers,Delhi Capitals,Delhi Capitals,field,Delhi Capitals,wickets,6,N,Standard,149.0,20.0,DP Nannes
392202,2009,2009-04-30,Centurion,SuperSport Park,League,Chennai Super Kings,Rajasthan Royals,Rajasthan Royals,field,Chennai Super Kings,runs,38,N,Standard,165.0,20.0,SK Raina
392203,2009,2009-05-01,East London,Buffalo Park,League,Kolkata Knight Riders,Mumbai Indians,Mumbai Indians,bat,Mumbai Indians,runs,9,N,Standard,149.0,20.0,JP Duminy
392204,2009,2009-05-01,Durban,Kingsmead,League,Royal Challengers Bengaluru,Punjab Kings,Royal Challengers Bengaluru,bat,Royal Challengers Bengaluru,runs,8,N,Standard,146.0,20.0,Yuvraj Singh
392205,2009,2009-05-02,Port Elizabeth,St George's Park,League,Deccan Chargers,Rajasthan Royals,Deccan Chargers,bat,Rajasthan Royals,wickets,3,N,Standard,142.0,20.0,YK Pathan
392206,2009,2009-05-02,Johannesburg,New Wanderers Stadium,League,Chennai Super Kings,Delhi Capitals,Delhi Capitals,field,Chennai Super Kings,runs,18,N,Standard,164.0,20.0,SB Jakati
392207,2009,2009-05-03,Port Elizabeth,St George's Park,League,Punjab Kings,Kolkata Knight Riders,Kolkata Knight Riders,bat,Punjab Kings,wickets,6,N,Standard,154.0,20.0,DPMD Jayawardene
392208,2009,2009-05-03,Johannesburg,New Wanderers Stadium,League,Royal Challengers Bengaluru,Mumbai Indians,Mumbai Indians,bat,Royal Challengers Bengaluru,wickets,9,N,Standard,150.0,20.0,JH Kallis
392209,2009,2009-05-04,East London,Buffalo Park,League,Chennai Super Kings,Deccan Chargers,Chennai Super Kings,bat,Chennai Super Kings,runs,78,N,Standard,179.0,20.0,MS Dhoni
392210,2009,2009-05-05,Durban,Kingsmead,League,Punjab Kings,Rajasthan Royals,Punjab Kings,field,Rajasthan Royals,runs,78,N,Standard,212.0,20.0,GC Smith
392211,2009,2009-05-05,Durban,Kingsmead,League,Delhi Capitals,Kolkata Knight Riders,Kolkata Knight Riders,bat,Delhi Capitals,wickets,9,N,Standard,155.0,20.0,G Gambhir
392212,2009,2009-05-06,Centurion,SuperSport Park,League,Deccan Chargers,Mumbai Indians,Deccan Chargers,bat,Deccan Chargers,runs,19,N,Standard,146.0,20.0,RG Sharma
392213,2009,2009-05-07,Centurion,SuperSport Park,League,Royal Challengers Bengaluru,Rajasthan Royals,Rajasthan Royals,field,Rajasthan Royals,wickets,7,N,Standard,106.0,20.0,A Singh
392214,2009,2009-05-07,Centurion,SuperSport Park,League,Chennai Super Kings,Punjab Kings,Chennai Super Kings,bat,Chennai Super Kings,runs,12,N,D/L,187.0,18.0,ML Hayden
392215,2009,2009-05-08,East London,Buffalo Park,League,Delhi Capitals,Mumbai Indians,Mumbai Indians,bat,Delhi Capitals,wickets,7,N,Standard,117.0,20.0,A Nehra
392216,2009,2009-05-09,Kimberley,De Beers Diamond Oval,League,Deccan Chargers,Punjab Kings,Punjab Kings,field,Punjab Kings,wickets,3,N,Standard,169.0,20.0,DPMD Jayawardene
392217,2009,2009-05-09,Kimberley,De Beers Diamond Oval,League,Chennai Super Kings,Rajasthan Royals,Rajasthan Royals,bat,Chennai Super Kings,wickets,7,N,Standard,141.0,20.0,S Badrinath
392218,2009,2009-05-10,Port Elizabeth,St George's Park,League,Royal Challengers Bengaluru,Mumbai Indians,Mumbai Indians,bat,Mumbai Indians,runs,16,N,Standard,158.0,20.0,JP Duminy
392219,2009,2009-05-10,Johannesburg,New Wanderers Stadium,League,Delhi Capitals,Kolkata Knight Riders,Delhi Capitals,field,Delhi Capitals,wickets,7,N,Standard,124.0,20.0,A Mishra
392220,2009,2009-05-11,Kimberley,De Beers Diamond Oval,League,Deccan Chargers,Rajasthan Royals,Deccan Chargers,bat,Deccan Chargers,runs,53,N,Standard,167.0,20.0,DR Smith
392221,2009,2009-05-12,Centurion,SuperSport Park,League,Royal Challengers Bengaluru,Kolkata Knight Riders,Royal Challengers Bengaluru,field,Royal Challengers Bengaluru,wickets,6,N,Standard,174.0,20.0,LRPL Taylor
392222,2009,2009-05-12,Centurion,SuperSport Park,League,Punjab Kings,Mumbai Indians,Punjab Kings,bat,Mumbai Indians,wickets,8,N,Standard,120.0,20.0,Harbhajan Singh
392223,2009,2009-05-13,Durban,Kingsmead,League,Deccan Chargers,Delhi Capitals,Deccan Chargers,field,Delhi Capitals,runs,12,N,Standard,174.0,20.0,R Bhatia
392224,2009,2009-05-14,Durban,Kingsmead,League,Royal Challengers Bengaluru,Chennai Super Kings,Chennai Super Kings,bat,Royal Challengers Bengaluru,wickets,2,N,Standard,130.0,20.0,LRPL Taylor
392225,2009,2009-05-14,Durban,Kingsmead,League,Mumbai Indians,Rajasthan Royals,Rajasthan Royals,bat,Rajasthan Royals,runs,2,N,Standard,146.0,20.0,SK Warne
392226,2009,2009-05-15,Bloemfontein,OUTsurance Oval,League,Delhi Capitals,Punjab Kings,Punjab Kings,field,Punjab Kings,wickets,6,N,Standard,121.0,20.0,B Lee
392227,2009,2009-05-16,Port Elizabeth,St George's Park,League,Chennai Super Kings,Mumbai Indians,Mumbai Indians,bat,Chennai Super Kings,wickets,7,N,Standard,148.0,20.0,ML Hayden
392228,2009,2009-05-16,Johannesburg,New Wanderers Stadium,League,Deccan Chargers,Kolkata Knight Riders,Deccan Chargers,field,Deccan Chargers,wickets,6,N,Standard,161.0,20.0,RG Sharma
392229,2009,2009-05-17,Johannesburg,New Wanderers Stadium,League,Deccan Chargers,Punjab Kings,Deccan Chargers,field,Punjab Kings,runs,1,N,Standard,135.0,20.0,Yuvraj Singh
392230,2009,2009-05-17,Bloemfontein,OUTsurance Oval,League,Delhi Capitals,Rajasthan Royals,Delhi Capitals,bat,Delhi Capitals,runs,14,N,Standard,151.0,20.0,AB de Villiers
392231,2009,2009-05-18,Centurion,SuperSport Park,League,Chennai Super Kings,Kolkata Knight Riders,Chennai Super Kings,bat,Kolkata Knight Riders,wickets,7,N,Standard,189.0,20.0,BJ Hodge
392232,2009,2009-05-19,Johannesburg,New Wanderers Stadium,League,Royal Challengers Bengaluru,Delhi Capitals,Delhi Capitals,bat,Royal Challengers Bengaluru,wickets,7,N,Standard,135.0,20.0,JH Kallis
392233,2009,2009-05-20,Durban,Kingsmead,League,Kolkata Knight Riders,Rajasthan Royals,Kolkata Knight Riders,field,Kolkata Knight Riders,wickets,4,N,Standard,102.0,20.0,LR Shukla
392234,2009,2009-05-20,Durban,Kingsmead,League,Chennai Super Kings,Punjab Kings,Chennai Super Kings,bat,Chennai Super Kings,runs,24,N,Standard,117.0,20.0,M Muralitharan
392235,2009,2009-05-21,Centurion,SuperSport Park,League,Delhi Capitals,Mumbai Indians,Delhi Capitals,field,Delhi Capitals,wickets,4,N,Standard,166.0,20.0,V Sehwag
392236,2009,2009-05-21,Centurion,SuperSport Park,League,Royal Challengers Bengaluru,Deccan Chargers,Royal Challengers Bengaluru,bat,Royal Challengers Bengaluru,runs,12,N,Standard,171.0,20.0,MK Pandey
392237,2009,2009-05-22,Centurion,SuperSport Park,Semi Final,Delhi Capitals,Deccan Chargers,Deccan Chargers,field,Deccan Chargers,wickets,6,N,Standard,154.0,20.0,AC Gilchrist
392238,2009,2009-05-23,Johannesburg,New Wanderers Stadium,Semi Final,Royal Challengers Bengaluru,Chennai Super Kings,Royal Challengers Bengaluru,field,Royal Challengers Bengaluru,wickets,6,N,Standard,147.0,20.0,MK Pandey
392239,2009,2009-05-24,Johannesburg,New Wanderers Stadium,Final,Royal Challengers Bengaluru,Deccan Chargers,Royal Challengers Bengaluru,field,Deccan Chargers,runs,6,N,Standard,144.0,20.0,A Kumble
419106,2010,2010-03-12,Mumbai,Dr DY Patil Sports Academy,League,Deccan Chargers,Kolkata Knight Riders,Deccan Chargers,field,Kolkata Knight Riders,runs,11,N,Standard,162.0,20.0,AD Mathews
419107,2010,2010-03-13,Mumbai,Brabourne Stadium,League,Mumbai Indians,Rajasthan Royals,Mumbai Indians,bat,Mumbai Indians,runs,4,N,Standard,213.0,20.0,YK Pathan
419108,2010,2010-03-13,Chandigarh,Punjab Cricket Association IS Bindra Stadium,League,Punjab Kings,Delhi Capitals,Delhi Capitals,field,Delhi Capitals,wickets,5,N,Standard,143.0,20.0,G Gambhir
419109,2010,2010-03-14,Kolkata,Eden Gardens,League,Kolkata Knight Riders,Royal Challengers Bengaluru,Kolkata Knight Riders,field,Kolkata Knight Riders,wickets,7,N,Standard,136.0,20.0,MK Tiwary
419110,2010,2010-03-14,Chennai,MA Chidambaram Stadium,League,Chennai Super Kings,Deccan Chargers,Deccan Chargers,bat,Deccan Chargers,runs,31,N,Standard,191.0,20.0,WPUJC Vaas
419111,2010,2010-03-15,Ahmedabad,Narendra Modi Stadium,League,Rajasthan Royals,Delhi Capitals,Delhi Capitals,field,Delhi Capitals,wickets,6,N,Standard,142.0,20.0,V Sehwag
419112,2010,2010-03-16,Bengaluru,M Chinnaswamy Stadium,League,Royal Challengers Bengaluru,Punjab Kings,Punjab Kings,bat,Royal Challengers Bengaluru,wickets,8,N,Standard,204.0,20.0,JH Kallis
419113,2010,2010-03-16,Kolkata,Eden Gardens,League,Kolkata Knight Riders,Chennai Super Kings,Chennai Super Kings,bat,Chennai Super Kings,runs,55,N,Standard,165.0,20.0,MS Dhoni
419114,2010,2010-03-17,Delhi,Arun Jaitley Stadium,League,Delhi Capitals,Mumbai Indians,Delhi Capitals,field,Mumbai Indians,runs,98,N,Standard,219.0,20.0,SR Tendulkar
419115,2010,2010-03-18,Bengaluru,M Chinnaswamy Stadium,League,Royal Challengers Bengaluru,Rajasthan Royals,Royal Challengers Bengaluru,field,Royal Challengers Bengaluru,wickets,10,N,Standard,93.0,20.0,JH Kallis
419116,2010,2010-03-19,Delhi,Arun Jaitley Stadium,League,Delhi Capitals,Chennai Super Kings,Delhi Capitals,bat,Chennai Super Kings,wickets,5,N,Standard,186.0,20.0,ML Hayden
419117,2010,2010-03-19,Cuttack,Barabati Stadium,League,Deccan Chargers,Punjab Kings,Punjab Kings,field,Deccan Chargers,runs,6,N,Standard,171.0,20.0,A Symonds
419118,2010,2010-03-20,Ahmedabad,Narendra Modi Stadium,League,Rajasthan Royals,Kolkata Knight Riders,Rajasthan Royals,bat,Rajasthan Royals,runs,34,N,Standard,169.0,20.0,AA Jhunjhunwala
419119,2010,2010-03-20,Mumbai,Brabourne Stadium,League,Mumbai Indians,Royal Challengers Bengaluru,Mumbai Indians,bat,Royal Challengers Bengaluru,wickets,7,N,Standard,152.0,20.0,JH Kallis
419120,2010,2010-03-21,Cuttack,Barabati Stadium,League,Deccan Chargers,Delhi Capitals,Deccan Chargers,bat,Deccan Chargers,runs,10,N,Standard,172.0,20.0,A Symonds
419121,2010,2010-03-21,Chennai,MA Chidambaram Stadium,League,Chennai Super Kings,Punjab Kings,Chennai Super Kings,field,Punjab Kings,tie,0,Y,Standard,137.0,20.0,J Theron
419122,2010,2010-03-22,Mumbai,Brabourne Stadium,League,Mumbai Indians,Kolkata Knight Riders,Kolkata Knight Riders,bat,Mumbai Indians,wickets,7,N,Standard,156.0,20.0,SR Tendulkar
419123,2010,2010-03-23,Bengaluru,M Chinnaswamy Stadium,League,Royal Challengers Bengaluru,Chennai Super Kings,Chennai Super Kings,field,Royal Challengers Bengaluru,runs,36,N,Standard,172.0,20.0,RV Uthappa
419124,2010,2010-03-24,Chandigarh,Punjab Cricket Association IS Bindra Stadium,League,Punjab Kings,Rajasthan Royals,Punjab Kings,field,Rajasthan Royals,runs,31,N,Standard,184.0,20.0,AC Voges
419125,2010,2010-03-25,Mumbai,Brabourne Stadium,League,Chennai Super Kings,Mumbai Indians,Mumbai Indians,field,Mumbai Indians,wickets,5,N,Standard,181.0,20.0,SR Tendulkar
419126,2010,2010-03-26,Ahmedabad,Narendra Modi Stadium,League,Rajasthan Royals,Deccan Chargers,Deccan Chargers,bat,Rajasthan Royals,wickets,8,N,Standard,149.0,20.0,YK Pathan
419127,2010,2010-03-27,Chandigarh,Punjab Cricket Association IS Bindra Stadium,League,Punjab Kings,Kolkata Knight Riders,Kolkata Knight Riders,bat,Kolkata Knight Riders,runs,39,N,Standard,184.0,20.0,MK Tiwary
419128,2010,2010-03-25,Bengaluru,M Chinnaswamy Stadium,League,Royal Challengers Bengaluru,Delhi Capitals,Royal Challengers Bengaluru,field,Delhi Capitals,runs,17,N,Standard,184.0,20.0,KM Jadhav
419129,2010,2010-03-28,Ahmedabad,Narendra Modi Stadium,League,Rajasthan Royals,Chennai Super Kings,Rajasthan Royals,bat,Rajasthan Royals,runs,17,N,Standard,178.0,20.0,NV Ojha
419130,2010,2010-03-28,Mumbai,Dr DY Patil Sports Academy,League,Deccan Chargers,Mumbai Indians,Deccan Chargers,field,Mumbai Indians,runs,41,N,Standard,173.0,20.0,Harbhajan Singh
419131,2010,2010-03-29,Delhi,Arun Jaitley Stadium,League,Delhi Capitals,Kolkata Knight Riders,Delhi Capitals,bat,Delhi Capitals,runs,40,N,Standard,178.0,20.0,DA Warner
419132,2010,2010-03-30,Mumbai,Brabourne Stadium,League,Mumbai Indians,Punjab Kings,Mumbai Indians,field,Mumbai Indians,wickets,4,N,Standard,164.0,20.0,SL Malinga
419133,2010,2010-03-31,Chennai,MA Chidambaram Stadium,League,Chennai Super Kings,Royal Challengers Bengaluru,Royal Challengers Bengaluru,bat,Chennai Super Kings,wickets,5,N,Standard,162.0,20.0,M Vijay
419134,2010,2010-03-31,Delhi,Arun Jaitley Stadium,League,Delhi Capitals,Rajasthan Royals,Delhi Capitals,bat,Delhi Capitals,runs,67,N,Standard,189.0,20.0,KD Karthik
419135,2010,2010-04-01,Kolkata,Eden Gardens,League,Kolkata Knight Riders,Deccan Chargers,Kolkata Knight Riders,bat,Kolkata Knight Riders,runs,24,N,Standard,182.0,20.0,SC Ganguly
419136,2010,2010-04-02,Chandigarh,Punjab Cricket Association IS Bindra Stadium,League,Punjab Kings,Royal Challengers Bengaluru,Punjab Kings,bat,Royal Challengers Bengaluru,wickets,6,N,Standard,182.0,20.0,KP Pietersen
419137,2010,2010-04-03,Chennai,MA Chidambaram Stadium,League,Chennai Super Kings,Rajasthan Royals,Chennai Super Kings,bat,Chennai Super Kings,runs,23,N,Standard,247.0,20.0,M Vijay
419138,2010,2010-04-03,Mumbai,Brabourne Stadium,League,Mumbai Indians,Deccan Chargers,Mumbai Indians,bat,Mumbai Indians,runs,63,N,Standard,179.0,20.0,AT Rayudu
419139,2010,2010-04-04,Kolkata,Eden Gardens,League,Kolkata Knight Riders,Punjab Kings,Kolkata Knight Riders,bat,Punjab Kings,wickets,8,N,Standard,201.0,20.0,DPMD Jayawardene
419140,2010,2010-04-04,Delhi,Arun Jaitley Stadium,League,Delhi Capitals,Royal Challengers Bengaluru,Delhi Capitals,bat,Delhi Capitals,runs,37,N,Standard,185.0,20.0,PD Collingwood
419141,2010,2010-04-05,Nagpur,Vidarbha Cricket Association Stadium,League,Deccan Chargers,Rajasthan Royals,Rajasthan Royals,bat,Rajasthan Royals,runs,2,N,Standard,160.0,20.0,SK Warne
419142,2010,2010-04-06,Chennai,MA Chidambaram Stadium,League,Chennai Super Kings,Mumbai Indians,Chennai Super Kings,bat,Chennai Super Kings,runs,24,N,Standard,166.0,20.0,SK Raina
419143,2010,2010-04-07,Jaipur,Sawai Mansingh Stadium,League,Rajasthan Royals,Punjab Kings,Punjab Kings,bat,Rajasthan Royals,wickets,9,N,Standard,154.0,20.0,MJ Lumb
419144,2010,2010-04-07,Kolkata,Eden Gardens,League,Kolkata Knight Riders,Delhi Capitals,Kolkata Knight Riders,bat,Kolkata Knight Riders,runs,14,N,Standard,182.0,20.0,SC Ganguly
419145,2010,2010-04-08,Bengaluru,M Chinnaswamy Stadium,League,Royal Challengers Bengaluru,Deccan Chargers,Deccan Chargers,field,Deccan Chargers,wickets,7,N,Standard,185.0,20.0,TL Suman
419146,2010,2010-04-09,Chandigarh,Punjab Cricket Association IS Bindra Stadium,League,Punjab Kings,Mumbai Indians,Mumbai Indians,bat,Punjab Kings,wickets,6,N,Standard,155.0,20.0,KC Sangakkara
419147,2010,2010-04-10,Nagpur,Vidarbha Cricket Association Stadium,League,Deccan Chargers,Chennai Super Kings,Chennai Super Kings,bat,Deccan Chargers,wickets,6,N,Standard,139.0,20.0,RJ Harris
419148,2010,2010-04-10,Bengaluru,M Chinnaswamy Stadium,League,Royal Challengers Bengaluru,Kolkata Knight Riders,Royal Challengers Bengaluru,field,Royal Challengers Bengaluru,wickets,7,N,Standard,161.0,20.0,R Vinay Kumar
419149,2010,2010-04-11,Delhi,Arun Jaitley Stadium,League,Delhi Capitals,Punjab Kings,Delhi Capitals,bat,Punjab Kings,wickets,7,N,Standard,112.0,20.0,PP Chawla
419150,2010,2010-04-11,Jaipur,Sawai Mansingh Stadium,League,Rajasthan Royals,Mumbai Indians,Rajasthan Royals,field,Mumbai Indians,runs,37,N,Standard,175.0,20.0,SR Tendulkar
419151,2010,2010-04-12,Nagpur,Vidarbha Cricket Association Stadium,League,Deccan Chargers,Royal Challengers Bengaluru,Royal Challengers Bengaluru,field,Deccan Chargers,runs,13,N,Standard,152.0,20.0,Harmeet Singh
419152,2010,2010-04-13,Mumbai,Brabourne Stadium,League,Mumbai Indians,Delhi Capitals,Mumbai Indians,bat,Mumbai Indians,runs,39,N,Standard,184.0,20.0,KA Pollard
419153,2010,2010-04-13,Chennai,MA Chidambaram Stadium,League,Chennai Super Kings,Kolkata Knight Riders,Kolkata Knight Riders,bat,Chennai Super Kings,wickets,9,N,Standard,140.0,20.0,R Ashwin
419154,2010,2010-04-14,Jaipur,Sawai Mansingh Stadium,League,Rajasthan Royals,Royal Challengers Bengaluru,Rajasthan Royals,bat,Royal Challengers Bengaluru,wickets,5,N,Standard,131.0,20.0,KP Pietersen
419155,2010,2010-04-15,Chennai,MA Chidambaram Stadium,League,Chennai Super Kings,Delhi Capitals,Chennai Super Kings,bat,Delhi Capitals,wickets,6,N,Standard,113.0,20.0,G Gambhir
419156,2010,2010-04-16,Dharamsala,Himachal Pradesh Cricket Association Stadium,League,Punjab Kings,Deccan Chargers,Deccan Chargers,field,Deccan Chargers,wickets,5,N,Standard,175.0,20.0,RG Sharma
419157,2010,2010-04-17,Bengaluru,M Chinnaswamy Stadium,League,Royal Challengers Bengaluru,Mumbai Indians,Royal Challengers Bengaluru,field,Mumbai Indians,runs,57,N,Standard,192.0,20.0,R McLaren
419158,2010,2010-04-17,Kolkata,Eden Gardens,League,Kolkata Knight Riders,Rajasthan Royals,Rajasthan Royals,bat,Kolkata Knight Riders,wickets,8,N,Standard,133.0,20.0,JD Unadkat
419159,2010,2010-04-18,Dharamsala,Himachal Pradesh Cricket Association Stadium,League,Punjab Kings,Chennai Super Kings,Chennai Super Kings,field,Chennai Super Kings,wickets,6,N,Standard,193.0,20.0,MS Dhoni
419160,2010,2010-04-18,Delhi,Arun Jaitley Stadium,League,Delhi Capitals,Deccan Chargers,Deccan Chargers,bat,Deccan Chargers,runs,11,N,Standard,146.0,20.0,A Symonds
419161,2010,2010-04-19,Kolkata,Eden Gardens,League,Kolkata Knight Riders,Mumbai Indians,Mumbai Indians,bat,Kolkata Knight Riders,wickets,9,N,Standard,134.0,20.0,M Kartik
419162,2010,2010-04-21,Mumbai,Dr DY Patil Sports Academy,Semi Final,Royal Challengers Bengaluru,Mumbai Indians,Mumbai Indians,bat,Mumbai Indians,runs,35,N,Standard,185.0,20.0,KA Pollard
419163,2010,2010-04-22,Mumbai,Dr DY Patil Sports Academy,Semi Final,Chennai Super Kings,Deccan Chargers,Chennai Super Kings,bat,Chennai Super Kings,runs,38,N,Standard,143.0,20.0,DE Bollinger
419164,2010,2010-04-24,Mumbai,Dr DY Patil Sports Academy,3rd Place Play-Off,Royal Challengers Bengaluru,Deccan Chargers,Deccan Chargers,bat,Royal Challengers Bengaluru,wickets,9,N,Standard,83.0,20.0,A Kumble
419165,2010,2010-04-25,Mumbai,Dr DY Patil Sports Academy,Final,Chennai Super Kings,Mumbai Indians,Chennai Super Kings,bat,Chennai Super Kings,runs,22,N,Standard,169.0,20.0,SK Raina
501198,2011,2011-04-08,Chennai,MA Chidambaram Stadium,League,Chennai Super Kings,Kolkata Knight Riders,Chennai Super Kings,bat,Chennai Super Kings,runs,2,N,Standard,154.0,20.0,S Anirudha
501199,2011,2011-04-09,Hyderabad,Rajiv Gandhi International Stadium,League,Deccan Chargers,Rajasthan Royals,Rajasthan Royals,field,Rajasthan Royals,wickets,8,N,Standard,138.0,20.0,SK Trivedi
501200,2011,2011-04-09,Kochi,Nehru Stadium,League,Kochi Tuskers Kerala,Royal Challengers Bengaluru,Kochi Tuskers Kerala,bat,Royal Challengers Bengaluru,wickets,6,N,Standard,162.0,20.0,AB de Villiers
501201,2011,2011-04-10,Delhi,Arun Jaitley Stadium,League,Delhi Capitals,Mumbai Indians,Delhi Capitals,bat,Mumbai Indians,wickets,8,N,Standard,96.0,20.0,SL Malinga
501202,2011,2011-04-10,Mumbai,Dr DY Patil Sports Academy,League,Pune Warriors,Punjab Kings,Punjab Kings,bat,Pune Warriors,wickets,7,N,Standard,113.0,20.0,SB Wagh
501203,2011,2011-04-11,Kolkata,Eden Gardens,League,Kolkata Knight Riders,Deccan Chargers,Kolkata Knight Riders,bat,Kolkata Knight Riders,runs,9,N,Standard,164.0,20.0,JH Kallis
501204,2011,2011-04-12,Jaipur,Sawai Mansingh Stadium,League,Rajasthan Royals,Delhi Capitals,Delhi Capitals,bat,Rajasthan Royals,wickets,6,N,Standard,152.0,20.0,SK Warne
501205,2011,2011-04-12,Bengaluru,M Chinnaswamy Stadium,League,Royal Challengers Bengaluru,Mumbai Indians,Mumbai Indians,field,Mumbai Indians,wickets,9,N,Standard,141.0,20.0,SR Tendulkar
501206,2011,2011-04-13,Chandigarh,Punjab Cricket Association IS Bindra Stadium,League,Punjab Kings,Chennai Super Kings,Punjab Kings,field,Punjab Kings,wickets,6,N,Standard,189.0,20.0,PC Valthaty
501207,2011,2011-04-13,Mumbai,Dr DY Patil Sports Academy,League,Pune Warriors,Kochi Tuskers Kerala,Kochi Tuskers Kerala,bat,Pune Warriors,wickets,4,N,Standard,149.0,20.0,MD Mishra
501208,2011,2011-04-14,Hyderabad,Rajiv Gandhi International Stadium,League,Deccan Chargers,Royal Challengers Bengaluru,Royal Challengers Bengaluru,field,Deccan Chargers,runs,33,N,Standard,176.0,20.0,DW Steyn
501209,2011,2011-04-15,Jaipur,Sawai Mansingh Stadium,League,Rajasthan Royals,Kolkata Knight Riders,Kolkata Knight Riders,field,Kolkata Knight Riders,wickets,9,N,Standard,160.0,20.0,G Gambhir
501210,2011,2011-04-15,Mumbai,Wankhede Stadium,League,Mumbai Indians,Kochi Tuskers Kerala,Kochi Tuskers Kerala,field,Kochi Tuskers Kerala,wickets,8,N,Standard,183.0,20.0,BB McCullum
501211,2011,2011-04-16,Chennai,MA Chidambaram Stadium,League,Chennai Super Kings,Royal Challengers Bengaluru,Chennai Super Kings,bat,Chennai Super Kings,runs,21,N,Standard,184.0,20.0,MEK Hussey
501212,2011,2011-04-16,Hyderabad,Rajiv Gandhi International Stadium,League,Deccan Chargers,Punjab Kings,Punjab Kings,field,Punjab Kings,wickets,8,N,Standard,166.0,20.0,PC Valthaty
501213,2011,2011-04-17,Mumbai,Dr DY Patil Sports Academy,League,Pune Warriors,Delhi Capitals,Delhi Capitals,field,Delhi Capitals,wickets,3,N,Standard,188.0,20.0,Yuvraj Singh
501214,2011,2011-04-17,Kolkata,Eden Gardens,League,Kolkata Knight Riders,Rajasthan Royals,Kolkata Knight Riders,field,Kolkata Knight Riders,wickets,8,N,Standard,82.0,20.0,L Balaji
501215,2011,2011-04-18,Kochi,Nehru Stadium,League,Kochi Tuskers Kerala,Chennai Super Kings,Kochi Tuskers Kerala,field,Kochi Tuskers Kerala,wickets,7,N,D/L,135.0,17.0,BB McCullum
501216,2011,2011-04-19,Delhi,Arun Jaitley Stadium,League,Delhi Capitals,Deccan Chargers,Deccan Chargers,bat,Deccan Chargers,runs,16,N,Standard,169.0,20.0,S Sohal
501218,2011,2011-04-20,Mumbai,Wankhede Stadium,League,Mumbai Indians,Pune Warriors,Pune Warriors,bat,Mumbai Indians,wickets,7,N,Standard,119.0,20.0,MM Patel
501219,2011,2011-04-20,Kolkata,Eden Gardens,League,Kolkata Knight Riders,Kochi Tuskers Kerala,Kolkata Knight Riders,field,Kochi Tuskers Kerala,runs,6,N,Standard,133.0,20.0,DPMD Jayawardene
501220,2011,2011-04-21,Chandigarh,Punjab Cricket Association IS Bindra Stadium,League,Punjab Kings,Rajasthan Royals,Rajasthan Royals,field,Punjab Kings,runs,48,N,Standard,196.0,20.0,SE Marsh
501221,2011,2011-04-22,Mumbai,Wankhede Stadium,League,Mumbai Indians,Chennai Super Kings,Chennai Super Kings,field,Mumbai Indians,runs,8,N,Standard,165.0,20.0,Harbhajan Singh
501222,2011,2011-04-22,Kolkata,Eden Gardens,League,Kolkata Knight Riders,Royal Challengers Bengaluru,Royal Challengers Bengaluru,field,Royal Challengers Bengaluru,wickets,9,N,Standard,172.0,20.0,CH Gayle
501223,2011,2011-04-23,Delhi,Arun Jaitley Stadium,League,Delhi Capitals,Punjab Kings,Punjab Kings,field,Delhi Capitals,runs,29,N,Standard,232.0,20.0,DA Warner
501224,2011,2011-04-24,Hyderabad,Rajiv Gandhi International Stadium,League,Deccan Chargers,Mumbai Indians,Deccan Chargers,field,Mumbai Indians,runs,37,N,Standard,173.0,20.0,SL Malinga
501225,2011,2011-04-24,Jaipur,Sawai Mansingh Stadium,League,Rajasthan Royals,Kochi Tuskers Kerala,Rajasthan Royals,field,Rajasthan Royals,wickets,8,N,Standard,110.0,20.0,SK Warne
501226,2011,2011-04-25,Chennai,MA Chidambaram Stadium,League,Chennai Super Kings,Pune Warriors,Pune Warriors,field,Chennai Super Kings,runs,25,N,Standard,143.0,20.0,MEK Hussey
501227,2011,2011-04-26,Delhi,Arun Jaitley Stadium,League,Delhi Capitals,Royal Challengers Bengaluru,Royal Challengers Bengaluru,field,Royal Challengers Bengaluru,wickets,3,N,Standard,161.0,20.0,V Kohli
501228,2011,2011-04-27,Mumbai,Dr DY Patil Sports Academy,League,Pune Warriors,Chennai Super Kings,Pune Warriors,bat,Chennai Super Kings,wickets,8,N,Standard,142.0,20.0,DE Bollinger
501229,2011,2011-04-27,Kochi,Nehru Stadium,League,Kochi Tuskers Kerala,Deccan Chargers,Kochi Tuskers Kerala,field,Deccan Chargers,runs,55,N,Standard,130.0,20.0,I Sharma
501230,2011,2011-04-28,Delhi,Arun Jaitley Stadium,League,Delhi Capitals,Kolkata Knight Riders,Delhi Capitals,field,Kolkata Knight Riders,runs,17,N,Standard,149.0,20.0,MK Tiwary
501231,2011,2011-04-29,Jaipur,Sawai Mansingh Stadium,League,Rajasthan Royals,Mumbai Indians,Rajasthan Royals,field,Rajasthan Royals,wickets,7,N,Standard,95.0,20.0,J Botha
501232,2011,2011-04-29,Bengaluru,M Chinnaswamy Stadium,League,Royal Challengers Bengaluru,Pune Warriors,Pune Warriors,field,Royal Challengers Bengaluru,runs,26,N,Standard,182.0,20.0,V Kohli
501233,2011,2011-04-30,Kochi,Nehru Stadium,League,Kochi Tuskers Kerala,Delhi Capitals,Delhi Capitals,bat,Delhi Capitals,runs,38,N,Standard,158.0,20.0,V Sehwag
501234,2011,2011-04-30,Kolkata,Eden Gardens,League,Kolkata Knight Riders,Punjab Kings,Kolkata Knight Riders,field,Kolkata Knight Riders,wickets,8,N,Standard,120.0,20.0,Iqbal Abdulla
501235,2011,2011-05-01,Jaipur,Sawai Mansingh Stadium,League,Rajasthan Royals,Pune Warriors,Rajasthan Royals,field,Rajasthan Royals,wickets,6,N,Standard,144.0,20.0,LRPL Taylor
501236,2011,2011-05-01,Chennai,MA Chidambaram Stadium,League,Chennai Super Kings,Deccan Chargers,Chennai Super Kings,bat,Chennai Super Kings,runs,19,N,Standard,166.0,20.0,JA Morkel
501237,2011,2011-05-02,Mumbai,Wankhede Stadium,League,Mumbai Indians,Punjab Kings,Punjab Kings,field,Mumbai Indians,runs,23,N,Standard,160.0,20.0,KA Pollard
501238,2011,2011-05-02,Delhi,Arun Jaitley Stadium,League,Delhi Capitals,Kochi Tuskers Kerala,Kochi Tuskers Kerala,field,Kochi Tuskers Kerala,wickets,7,N,Standard,141.0,20.0,P Parameswaran
501239,2011,2011-05-03,Hyderabad,Rajiv Gandhi International Stadium,League,Deccan Chargers,Kolkata Knight Riders,Deccan Chargers,field,Kolkata Knight Riders,runs,20,N,Standard,170.0,20.0,YK Pathan
501240,2011,2011-05-04,Chennai,MA Chidambaram Stadium,League,Chennai Super Kings,Rajasthan Royals,Rajasthan Royals,bat,Chennai Super Kings,wickets,8,N,Standard,148.0,20.0,MEK Hussey
501241,2011,2011-05-04,Mumbai,Dr DY Patil Sports Academy,League,Pune Warriors,Mumbai Indians,Pune Warriors,field,Mumbai Indians,runs,21,N,Standard,161.0,20.0,R Sharma
501242,2011,2011-05-05,Kochi,Nehru Stadium,League,Kochi Tuskers Kerala,Kolkata Knight Riders,Kolkata Knight Riders,field,Kochi Tuskers Kerala,runs,17,N,Standard,157.0,20.0,BJ Hodge
501243,2011,2011-05-05,Hyderabad,Rajiv Gandhi International Stadium,League,Deccan Chargers,Delhi Capitals,Delhi Capitals,field,Delhi Capitals,wickets,4,N,Standard,176.0,20.0,V Sehwag
501244,2011,2011-05-06,Bengaluru,M Chinnaswamy Stadium,League,Royal Challengers Bengaluru,Punjab Kings,Punjab Kings,field,Royal Challengers Bengaluru,runs,85,N,Standard,206.0,20.0,CH Gayle
501245,2011,2011-05-07,Kolkata,Eden Gardens,League,Kolkata Knight Riders,Chennai Super Kings,Chennai Super Kings,bat,Kolkata Knight Riders,runs,10,N,D/L,52.0,10.0,Iqbal Abdulla
501246,2011,2011-05-07,Mumbai,Wankhede Stadium,League,Mumbai Indians,Delhi Capitals,Delhi Capitals,field,Mumbai Indians,runs,32,N,Standard,179.0,20.0,AT Rayudu
501247,2011,2011-05-08,Bengaluru,M Chinnaswamy Stadium,League,Royal Challengers Bengaluru,Kochi Tuskers Kerala,Kochi Tuskers Kerala,bat,Royal Challengers Bengaluru,wickets,9,N,Standard,126.0,20.0,CH Gayle
501248,2011,2011-05-08,Chandigarh,Punjab Cricket Association IS Bindra Stadium,League,Punjab Kings,Pune Warriors,Punjab Kings,bat,Pune Warriors,wickets,5,N,Standard,120.0,20.0,R Sharma
501249,2011,2011-05-09,Jaipur,Sawai Mansingh Stadium,League,Rajasthan Royals,Chennai Super Kings,Rajasthan Royals,field,Chennai Super Kings,runs,63,N,Standard,197.0,20.0,M Vijay
501250,2011,2011-05-10,Hyderabad,Rajiv Gandhi International Stadium,League,Deccan Chargers,Pune Warriors,Deccan Chargers,bat,Pune Warriors,wickets,6,N,Standard,137.0,20.0,MR Marsh
501251,2011,2011-05-10,Chandigarh,Punjab Cricket Association IS Bindra Stadium,League,Punjab Kings,Mumbai Indians,Mumbai Indians,field,Punjab Kings,runs,76,N,Standard,164.0,20.0,BA Bhatt
501252,2011,2011-05-11,Jaipur,Sawai Mansingh Stadium,League,Rajasthan Royals,Royal Challengers Bengaluru,Royal Challengers Bengaluru,field,Royal Challengers Bengaluru,wickets,9,N,Standard,147.0,20.0,S Aravind
501253,2011,2011-05-12,Chennai,MA Chidambaram Stadium,League,Chennai Super Kings,Delhi Capitals,Chennai Super Kings,bat,Chennai Super Kings,runs,18,N,Standard,177.0,20.0,MS Dhoni
501254,2011,2011-05-13,Indore,Holkar Cricket Stadium,League,Kochi Tuskers Kerala,Punjab Kings,Punjab Kings,field,Punjab Kings,wickets,6,N,Standard,179.0,20.0,KD Karthik
501255,2011,2011-05-14,Bengaluru,M Chinnaswamy Stadium,League,Royal Challengers Bengaluru,Kolkata Knight Riders,Royal Challengers Bengaluru,field,Royal Challengers Bengaluru,wickets,4,N,D/L,102.0,13.0,CH Gayle
501256,2011,2011-05-14,Mumbai,Wankhede Stadium,League,Mumbai Indians,Deccan Chargers,Deccan Chargers,bat,Deccan Chargers,runs,10,N,Standard,136.0,20.0,A Mishra
501257,2011,2011-05-15,Dharamsala,Himachal Pradesh Cricket Association Stadium,League,Punjab Kings,Delhi Capitals,Delhi Capitals,field,Punjab Kings,runs,29,N,Standard,171.0,20.0,PP Chawla
501258,2011,2011-05-15,Indore,Holkar Cricket Stadium,League,Kochi Tuskers Kerala,Rajasthan Royals,Kochi Tuskers Kerala,field,Kochi Tuskers Kerala,wickets,8,N,Standard,98.0,20.0,BJ Hodge
501259,2011,2011-05-16,Mumbai,Dr DY Patil Sports Academy,League,Pune Warriors,Deccan Chargers,Deccan Chargers,field,Deccan Chargers,wickets,6,N,Standard,137.0,20.0,A Mishra
501260,2011,2011-05-17,Dharamsala,Himachal Pradesh Cricket Association Stadium,League,Punjab Kings,Royal Challengers Bengaluru,Punjab Kings,bat,Punjab Kings,runs,111,N,Standard,233.0,20.0,AC Gilchrist
501261,2011,2011-05-18,Chennai,MA Chidambaram Stadium,League,Chennai Super Kings,Kochi Tuskers Kerala,Chennai Super Kings,bat,Chennai Super Kings,runs,11,N,Standard,153.0,20.0,WP Saha
501262,2011,2011-05-19,Mumbai,Dr DY Patil Sports Academy,League,Pune Warriors,Kolkata Knight Riders,Kolkata Knight Riders,field,Kolkata Knight Riders,wickets,7,N,Standard,119.0,20.0,YK Pathan
501263,2011,2011-05-20,Mumbai,Wankhede Stadium,League,Mumbai Indians,Rajasthan Royals,Mumbai Indians,bat,Rajasthan Royals,wickets,10,N,Standard,134.0,20.0,SR Watson
501264,2011,2011-05-21,Dharamsala,Himachal Pradesh Cricket Association Stadium,League,Punjab Kings,Deccan Chargers,Punjab Kings,field,Deccan Chargers,runs,82,N,Standard,199.0,20.0,S Dhawan
501265,2011,2011-05-21,Delhi,Arun Jaitley Stadium,League,Delhi Capitals,Pune Warriors,Delhi Capitals,bat,,no result,0,N,Standard,,,
501266,2011,2011-05-22,Bengaluru,M Chinnaswamy Stadium,League,Royal Challengers Bengaluru,Chennai Super Kings,Royal Challengers Bengaluru,field,Royal Challengers Bengaluru,wickets,8,N,Standard,129.0,20.0,CH Gayle
501267,2011,2011-05-22,Kolkata,Eden Gardens,League,Kolkata Knight Riders,Mumbai Indians,Mumbai Indians,field,Mumbai Indians,wickets,5,N,Standard,176.0,20.0,JEC Franklin
501268,2011,2011-05-24,Mumbai,Wankhede Stadium,Qualifier 1,Royal Challengers Bengaluru,Chennai Super Kings,Chennai Super Kings,field,Chennai Super Kings,wickets,6,N,Standard,176.0,20.0,SK Raina
501269,2011,2011-05-25,Mumbai,Wankhede Stadium,Elimination Final,Mumbai Indians,Kolkata Knight Riders,Mumbai Indians,field,Mumbai Indians,wickets,4,N,Standard,148.0,20.0,MM Patel
501270,2011,2011-05-27,Chennai,MA Chidambaram Stadium,Qualifier 2,Royal Challengers Bengaluru,Mumbai Indians,Mumbai Indians,field,Royal Challengers Bengaluru,runs,43,N,Standard,186.0,20.0,CH Gayle
501271,2011,2011-05-28,Chennai,MA Chidambaram Stadium,Final,Chennai Super Kings,Royal Challengers Bengaluru,Chennai Super Kings,bat,Chennai Super Kings,runs,58,N,Standard,206.0,20.0,M Vijay
548306,2012,2012-04-04,Chennai,MA Chidambaram Stadium,League,Chennai Super Kings,Mumbai Indians,Mumbai Indians,field,Mumbai Indians,wickets,8,N,Standard,113.0,20.0,RE Levi
548307,2012,2012-04-05,Kolkata,Eden Gardens,League,Kolkata Knight Riders,Delhi Capitals,Delhi Capitals,field,Delhi Capitals,wickets,8,N,Standard,98.0,12.0,IK Pathan
548308,2012,2012-04-06,Mumbai,Wankhede Stadium,League,Mumbai Indians,Pune Warriors,Mumbai Indians,field,Pune Warriors,runs,28,N,Standard,130.0,20.0,SPD Smith
548309,2012,2012-04-06,Jaipur,Sawai Mansingh Stadium,League,Rajasthan Royals,Punjab Kings,Punjab Kings,field,Rajasthan Royals,runs,31,N,Standard,192.0,20.0,AM Rahane
548310,2012,2012-04-07,Bengaluru,M Chinnaswamy Stadium,League,Royal Challengers Bengaluru,Delhi Capitals,Delhi Capitals,field,Royal Challengers Bengaluru,runs,20,N,Standard,158.0,20.0,AB de Villiers
548311,2012,2012-04-07,Visakhapatnam,Dr. Y.S. Rajasekhara Reddy ACA-VDCA Cricket Stadium,League,Deccan Chargers,Chennai Super Kings,Deccan Chargers,field,Chennai Super Kings,runs,74,N,Standard,194.0,20.0,RA Jadeja
548312,2012,2012-04-08,Jaipur,Sawai Mansingh Stadium,League,Rajasthan Royals,Kolkata Knight Riders,Kolkata Knight Riders,field,Rajasthan Royals,runs,22,N,Standard,165.0,20.0,BJ Hodge
548313,2012,2012-04-08,Pune,Maharashtra Cricket Association Stadium,League,Pune Warriors,Punjab Kings,Pune Warriors,bat,Pune Warriors,runs,22,N,Standard,167.0,20.0,MN Samuels
548314,2012,2012-04-09,Visakhapatnam,Dr. Y.S. Rajasekhara Reddy ACA-VDCA Cricket Stadium,League,Deccan Chargers,Mumbai Indians,Deccan Chargers,bat,Mumbai Indians,wickets,5,N,Standard,139.0,20.0,RG Sharma
548315,2012,2012-04-10,Bengaluru,M Chinnaswamy Stadium,League,Royal Challengers Bengaluru,Kolkata Knight Riders,Royal Challengers Bengaluru,field,Kolkata Knight Riders,runs,42,N,Standard,166.0,20.0,L Balaji
548316,2012,2012-04-10,Delhi,Arun Jaitley Stadium,League,Delhi Capitals,Chennai Super Kings,Delhi Capitals,field,Delhi Capitals,wickets,8,N,Standard,111.0,20.0,M Morkel
548317,2012,2012-04-11,Mumbai,Wankhede Stadium,League,Mumbai Indians,Rajasthan Royals,Rajasthan Royals,field,Mumbai Indians,runs,27,N,Standard,198.0,20.0,KA Pollard
548318,2012,2012-04-12,Chennai,MA Chidambaram Stadium,League,Chennai Super Kings,Royal Challengers Bengaluru,Royal Challengers Bengaluru,bat,Chennai Super Kings,wickets,5,N,Standard,206.0,20.0,F du Plessis
548319,2012,2012-04-12,Chandigarh,Punjab Cricket Association IS Bindra Stadium,League,Punjab Kings,Pune Warriors,Punjab Kings,field,Punjab Kings,wickets,7,N,Standard,116.0,20.0,AD Mascarenhas
548320,2012,2012-04-13,Kolkata,Eden Gardens,League,Kolkata Knight Riders,Rajasthan Royals,Rajasthan Royals,bat,Kolkata Knight Riders,wickets,5,N,Standard,132.0,20.0,Shakib Al Hasan
548321,2012,2012-04-19,Delhi,Arun Jaitley Stadium,League,Delhi Capitals,Deccan Chargers,Deccan Chargers,bat,Delhi Capitals,wickets,5,N,Standard,158.0,20.0,KP Pietersen
548322,2012,2012-04-14,Pune,Maharashtra Cricket Association Stadium,League,Pune Warriors,Chennai Super Kings,Chennai Super Kings,bat,Pune Warriors,wickets,7,N,Standard,156.0,20.0,JD Ryder
548323,2012,2012-04-15,Kolkata,Eden Gardens,League,Kolkata Knight Riders,Punjab Kings,Kolkata Knight Riders,field,Punjab Kings,runs,2,N,Standard,135.0,20.0,SP Narine
548324,2012,2012-04-15,Bengaluru,M Chinnaswamy Stadium,League,Royal Challengers Bengaluru,Rajasthan Royals,Rajasthan Royals,bat,Rajasthan Royals,runs,59,N,Standard,196.0,20.0,AM Rahane
548325,2012,2012-04-16,Mumbai,Wankhede Stadium,League,Mumbai Indians,Delhi Capitals,Delhi Capitals,field,Delhi Capitals,wickets,7,N,Standard,93.0,20.0,S Nadeem
548326,2012,2012-04-17,Jaipur,Sawai Mansingh Stadium,League,Rajasthan Royals,Deccan Chargers,Deccan Chargers,bat,Rajasthan Royals,wickets,5,N,Standard,197.0,20.0,BJ Hodge
548327,2012,2012-04-17,Bengaluru,M Chinnaswamy Stadium,League,Royal Challengers Bengaluru,Pune Warriors,Pune Warriors,bat,Royal Challengers Bengaluru,wickets,6,N,Standard,183.0,20.0,CH Gayle
548328,2012,2012-04-18,Chandigarh,Punjab Cricket Association IS Bindra Stadium,League,Punjab Kings,Kolkata Knight Riders,Punjab Kings,bat,Kolkata Knight Riders,wickets,8,N,Standard,125.0,20.0,G Gambhir
548329,2012,2012-05-10,Hyderabad,Rajiv Gandhi International Stadium,League,Deccan Chargers,Delhi Capitals,Deccan Chargers,bat,Delhi Capitals,wickets,9,N,Standard,188.0,20.0,DA Warner
548330,2012,2012-04-19,Chennai,MA Chidambaram Stadium,League,Chennai Super Kings,Pune Warriors,Pune Warriors,field,Chennai Super Kings,runs,13,N,Standard,165.0,20.0,KMDN Kulasekara
548331,2012,2012-04-20,Chandigarh,Punjab Cricket Association IS Bindra Stadium,League,Punjab Kings,Royal Challengers Bengaluru,Royal Challengers Bengaluru,field,Royal Challengers Bengaluru,wickets,5,N,Standard,164.0,20.0,CH Gayle
548332,2012,2012-04-21,Chennai,MA Chidambaram Stadium,League,Chennai Super Kings,Rajasthan Royals,Rajasthan Royals,bat,Chennai Super Kings,wickets,7,N,Standard,147.0,20.0,F du Plessis
548333,2012,2012-04-21,Delhi,Arun Jaitley Stadium,League,Delhi Capitals,Pune Warriors,Delhi Capitals,field,Pune Warriors,runs,20,N,Standard,193.0,20.0,SC Ganguly
548334,2012,2012-04-22,Mumbai,Wankhede Stadium,League,Mumbai Indians,Punjab Kings,Mumbai Indians,bat,Punjab Kings,wickets,6,N,Standard,164.0,20.0,SE Marsh
548335,2012,2012-04-22,Cuttack,Barabati Stadium,League,Deccan Chargers,Kolkata Knight Riders,Kolkata Knight Riders,field,Kolkata Knight Riders,wickets,5,N,Standard,127.0,20.0,B Lee
548336,2012,2012-04-23,Jaipur,Sawai Mansingh Stadium,League,Rajasthan Royals,Royal Challengers Bengaluru,Rajasthan Royals,field,Royal Challengers Bengaluru,runs,46,N,Standard,190.0,20.0,AB de Villiers
548337,2012,2012-04-24,Pune,Maharashtra Cricket Association Stadium,League,Pune Warriors,Delhi Capitals,Pune Warriors,bat,Delhi Capitals,wickets,8,N,Standard,147.0,20.0,V Sehwag
548339,2012,2012-04-25,Chandigarh,Punjab Cricket Association IS Bindra Stadium,League,Punjab Kings,Mumbai Indians,Punjab Kings,bat,Mumbai Indians,wickets,4,N,Standard,169.0,20.0,AT Rayudu
548341,2012,2012-04-26,Pune,Maharashtra Cricket Association Stadium,League,Pune Warriors,Deccan Chargers,Deccan Chargers,bat,Deccan Chargers,runs,18,N,Standard,178.0,20.0,CL White
548342,2012,2012-04-27,Delhi,Arun Jaitley Stadium,League,Delhi Capitals,Mumbai Indians,Mumbai Indians,field,Delhi Capitals,runs,37,N,Standard,208.0,20.0,V Sehwag
548343,2012,2012-04-28,Chennai,MA Chidambaram Stadium,League,Chennai Super Kings,Punjab Kings,Punjab Kings,bat,Punjab Kings,runs,7,N,Standard,157.0,20.0,Mandeep Singh
548344,2012,2012-04-28,Kolkata,Eden Gardens,League,Kolkata Knight Riders,Royal Challengers Bengaluru,Kolkata Knight Riders,bat,Kolkata Knight Riders,runs,47,N,Standard,191.0,20.0,G Gambhir
548345,2012,2012-04-29,Delhi,Arun Jaitley Stadium,League,Delhi Capitals,Rajasthan Royals,Delhi Capitals,bat,Delhi Capitals,runs,1,N,Standard,153.0,20.0,V Sehwag
548346,2012,2012-04-29,Mumbai,Wankhede Stadium,League,Mumbai Indians,Deccan Chargers,Mumbai Indians,field,Mumbai Indians,wickets,5,N,Standard,101.0,20.0,DW Steyn
548347,2012,2012-04-30,Chennai,MA Chidambaram Stadium,League,Chennai Super Kings,Kolkata Knight Riders,Chennai Super Kings,bat,Kolkata Knight Riders,wickets,5,N,Standard,140.0,20.0,G Gambhir
548348,2012,2012-05-01,Cuttack,Barabati Stadium,League,Deccan Chargers,Pune Warriors,Deccan Chargers,bat,Deccan Chargers,runs,13,N,Standard,187.0,20.0,KC Sangakkara
548349,2012,2012-05-01,Jaipur,Sawai Mansingh Stadium,League,Rajasthan Royals,Delhi Capitals,Rajasthan Royals,bat,Delhi Capitals,wickets,6,N,Standard,142.0,20.0,P Negi
548350,2012,2012-05-02,Bengaluru,M Chinnaswamy Stadium,League,Royal Challengers Bengaluru,Punjab Kings,Punjab Kings,field,Punjab Kings,wickets,4,N,Standard,159.0,20.0,Azhar Mahmood
548351,2012,2012-05-03,Pune,Maharashtra Cricket Association Stadium,League,Pune Warriors,Mumbai Indians,Mumbai Indians,bat,Mumbai Indians,runs,1,N,Standard,121.0,20.0,SL Malinga
548352,2012,2012-05-04,Chennai,MA Chidambaram Stadium,League,Chennai Super Kings,Deccan Chargers,Chennai Super Kings,bat,Chennai Super Kings,runs,10,N,Standard,161.0,20.0,SK Raina
548353,2012,2012-05-05,Kolkata,Eden Gardens,League,Kolkata Knight Riders,Pune Warriors,Kolkata Knight Riders,bat,Kolkata Knight Riders,runs,7,N,Standard,151.0,20.0,SP Narine
548354,2012,2012-05-05,Chandigarh,Punjab Cricket Association IS Bindra Stadium,League,Punjab Kings,Rajasthan Royals,Rajasthan Royals,bat,Rajasthan Royals,runs,43,N,Standard,178.0,20.0,SR Watson
548355,2012,2012-05-06,Mumbai,Wankhede Stadium,League,Mumbai Indians,Chennai Super Kings,Mumbai Indians,field,Mumbai Indians,wickets,2,N,Standard,174.0,20.0,DR Smith
548356,2012,2012-05-06,Bengaluru,M Chinnaswamy Stadium,League,Royal Challengers Bengaluru,Deccan Chargers,Royal Challengers Bengaluru,field,Royal Challengers Bengaluru,wickets,5,N,Standard,182.0,20.0,AB de Villiers
548357,2012,2012-05-07,Delhi,Arun Jaitley Stadium,League,Delhi Capitals,Kolkata Knight Riders,Delhi Capitals,bat,Kolkata Knight Riders,wickets,6,N,Standard,154.0,20.0,JH Kallis
548358,2012,2012-05-08,Pune,Maharashtra Cricket Association Stadium,League,Pune Warriors,Rajasthan Royals,Pune Warriors,bat,Rajasthan Royals,wickets,7,N,Standard,126.0,20.0,SR Watson
548359,2012,2012-05-08,Hyderabad,Rajiv Gandhi International Stadium,League,Deccan Chargers,Punjab Kings,Deccan Chargers,field,Punjab Kings,runs,25,N,Standard,171.0,20.0,Mandeep Singh
548360,2012,2012-05-09,Mumbai,Wankhede Stadium,League,Mumbai Indians,Royal Challengers Bengaluru,Royal Challengers Bengaluru,field,Royal Challengers Bengaluru,wickets,9,N,Standard,142.0,20.0,CH Gayle
548361,2012,2012-05-10,Jaipur,Sawai Mansingh Stadium,League,Rajasthan Royals,Chennai Super Kings,Chennai Super Kings,field,Chennai Super Kings,wickets,4,N,Standard,127.0,20.0,BW Hilfenhaus
548362,2012,2012-05-11,Pune,Maharashtra Cricket Association Stadium,League,Pune Warriors,Royal Challengers Bengaluru,Pune Warriors,field,Royal Challengers Bengaluru,runs,35,N,Standard,174.0,20.0,CH Gayle
548363,2012,2012-05-12,Kolkata,Eden Gardens,League,Kolkata Knight Riders,Mumbai Indians,Mumbai Indians,bat,Mumbai Indians,runs,27,N,Standard,183.0,20.0,RG Sharma
548364,2012,2012-05-12,Chennai,MA Chidambaram Stadium,League,Chennai Super Kings,Delhi Capitals,Chennai Super Kings,field,Chennai Super Kings,wickets,9,N,Standard,115.0,20.0,BW Hilfenhaus
548365,2012,2012-05-13,Jaipur,Sawai Mansingh Stadium,League,Rajasthan Royals,Pune Warriors,Rajasthan Royals,bat,Rajasthan Royals,runs,45,N,Standard,171.0,20.0,A Chandila
548366,2012,2012-05-13,Chandigarh,Punjab Cricket Association IS Bindra Stadium,League,Punjab Kings,Deccan Chargers,Deccan Chargers,bat,Punjab Kings,wickets,4,N,Standard,191.0,20.0,DJ Hussey
548367,2012,2012-05-14,Bengaluru,M Chinnaswamy Stadium,League,Royal Challengers Bengaluru,Mumbai Indians,Mumbai Indians,field,Mumbai Indians,wickets,5,N,Standard,172.0,20.0,AT Rayudu
548368,2012,2012-05-14,Kolkata,Eden Gardens,League,Kolkata Knight Riders,Chennai Super Kings,Chennai Super Kings,field,Chennai Super Kings,wickets,5,N,Standard,159.0,20.0,MEK Hussey
548369,2012,2012-05-15,Delhi,Arun Jaitley Stadium,League,Delhi Capitals,Punjab Kings,Punjab Kings,bat,Delhi Capitals,wickets,5,N,Standard,137.0,20.0,UT Yadav
548370,2012,2012-05-16,Mumbai,Wankhede Stadium,League,Mumbai Indians,Kolkata Knight Riders,Mumbai Indians,field,Kolkata Knight Riders,runs,32,N,Standard,141.0,20.0,SP Narine
548371,2012,2012-05-17,Dharamsala,Himachal Pradesh Cricket Association Stadium,League,Punjab Kings,Chennai Super Kings,Punjab Kings,field,Punjab Kings,wickets,6,N,Standard,121.0,20.0,AC Gilchrist
548372,2012,2012-05-17,Delhi,Arun Jaitley Stadium,League,Delhi Capitals,Royal Challengers Bengaluru,Delhi Capitals,field,Royal Challengers Bengaluru,runs,21,N,Standard,216.0,20.0,CH Gayle
548373,2012,2012-05-18,Hyderabad,Rajiv Gandhi International Stadium,League,Deccan Chargers,Rajasthan Royals,Rajasthan Royals,bat,Deccan Chargers,wickets,5,N,Standard,127.0,20.0,DW Steyn
548374,2012,2012-05-19,Dharamsala,Himachal Pradesh Cricket Association Stadium,League,Punjab Kings,Delhi Capitals,Delhi Capitals,field,Delhi Capitals,wickets,6,N,Standard,142.0,20.0,UT Yadav
548375,2012,2012-05-19,Pune,Maharashtra Cricket Association Stadium,League,Pune Warriors,Kolkata Knight Riders,Kolkata Knight Riders,bat,Kolkata Knight Riders,runs,34,N,Standard,137.0,20.0,Shakib Al Hasan
548376,2012,2012-05-20,Hyderabad,Rajiv Gandhi International Stadium,League,Deccan Chargers,Royal Challengers Bengaluru,Royal Challengers Bengaluru,field,Deccan Chargers,runs,9,N,Standard,133.0,20.0,DW Steyn
548377,2012,2012-05-20,Jaipur,Sawai Mansingh Stadium,League,Rajasthan Royals,Mumbai Indians,Rajasthan Royals,bat,Mumbai Indians,wickets,10,N,Standard,163.0,20.0,DR Smith
548378,2012,2012-05-22,Pune,Maharashtra Cricket Association Stadium,Qualifier 1,Delhi Capitals,Kolkata Knight Riders,Kolkata Knight Riders,bat,Kolkata Knight Riders,runs,18,N,Standard,163.0,20.0,YK Pathan
548379,2012,2012-05-23,Bengaluru,M Chinnaswamy Stadium,Elimination Final,Chennai Super Kings,Mumbai Indians,Mumbai Indians,field,Chennai Super Kings,runs,38,N,Standard,188.0,20.0,MS Dhoni
548380,2012,2012-05-25,Chennai,MA Chidambaram Stadium,Qualifier 2,Delhi Capitals,Chennai Super Kings,Delhi Capitals,field,Chennai Super Kings,runs,86,N,Standard,223.0,20.0,M Vijay
548381,2012,2012-05-27,Chennai,MA Chidambaram Stadium,Final,Kolkata Knight Riders,Chennai Super Kings,Chennai Super Kings,bat,Kolkata Knight Riders,wickets,5,N,Standard,191.0,20.0,MS Bisla
597998,2013,2013-04-03,Kolkata,Eden Gardens,League,Kolkata Knight Riders,Delhi Capitals,Kolkata Knight Riders,field,Kolkata Knight Riders,wickets,6,N,Standard,129.0,20.0,SP Narine
597999,2013,2013-04-04,Bengaluru,M Chinnaswamy Stadium,League,Royal Challengers Bengaluru,Mumbai Indians,Mumbai Indians,field,Royal Challengers Bengaluru,runs,2,N,Standard,157.0,20.0,CH Gayle
598000,2013,2013-04-05,Hyderabad,Rajiv Gandhi International Stadium,League,Sunrisers Hyderabad,Pune Warriors,Pune Warriors,field,Sunrisers Hyderabad,runs,22,N,Standard,127.0,20.0,A Mishra
598001,2013,2013-04-06,Delhi,Arun Jaitley Stadium,League,Delhi Capitals,Rajasthan Royals,Rajasthan Royals,bat,Rajasthan Royals,runs,5,N,Standard,166.0,20.0,R Dravid
598002,2013,2013-04-06,Chennai,MA Chidambaram Stadium,League,Chennai Super Kings,Mumbai Indians,Mumbai Indians,bat,Mumbai Indians,runs,9,N,Standard,149.0,20.0,KA Pollard
598003,2013,2013-04-07,Pune,Maharashtra Cricket Association Stadium,League,Pune Warriors,Punjab Kings,Pune Warriors,bat,Punjab Kings,wickets,8,N,Standard,100.0,20.0,M Vohra
598004,2013,2013-04-07,Hyderabad,Rajiv Gandhi International Stadium,League,Sunrisers Hyderabad,Royal Challengers Bengaluru,Royal Challengers Bengaluru,bat,Sunrisers Hyderabad,tie,0,Y,Standard,131.0,20.0,GH Vihari
598005,2013,2013-04-08,Jaipur,Sawai Mansingh Stadium,League,Rajasthan Royals,Kolkata Knight Riders,Kolkata Knight Riders,field,Rajasthan Royals,runs,19,N,Standard,145.0,20.0,SK Trivedi
598006,2013,2013-04-09,Mumbai,Wankhede Stadium,League,Mumbai Indians,Delhi Capitals,Mumbai Indians,bat,Mumbai Indians,runs,44,N,Standard,210.0,20.0,KD Karthik
598007,2013,2013-04-10,Chandigarh,Punjab Cricket Association IS Bindra Stadium,League,Punjab Kings,Chennai Super Kings,Chennai Super Kings,field,Chennai Super Kings,wickets,10,N,Standard,139.0,20.0,MEK Hussey
598008,2013,2013-04-11,Bengaluru,M Chinnaswamy Stadium,League,Royal Challengers Bengaluru,Kolkata Knight Riders,Royal Challengers Bengaluru,field,Royal Challengers Bengaluru,wickets,8,N,Standard,155.0,20.0,CH Gayle
598009,2013,2013-04-11,Pune,Maharashtra Cricket Association Stadium,League,Pune Warriors,Rajasthan Royals,Rajasthan Royals,bat,Pune Warriors,wickets,7,N,Standard,146.0,20.0,AJ Finch
598010,2013,2013-04-12,Delhi,Arun Jaitley Stadium,League,Delhi Capitals,Sunrisers Hyderabad,Delhi Capitals,bat,Sunrisers Hyderabad,wickets,3,N,Standard,115.0,20.0,A Mishra
598011,2013,2013-04-13,Mumbai,Wankhede Stadium,League,Mumbai Indians,Pune Warriors,Mumbai Indians,bat,Mumbai Indians,runs,41,N,Standard,184.0,20.0,RG Sharma
598012,2013,2013-04-13,Chennai,MA Chidambaram Stadium,League,Chennai Super Kings,Royal Challengers Bengaluru,Chennai Super Kings,field,Chennai Super Kings,wickets,4,N,Standard,166.0,20.0,RA Jadeja
598013,2013,2013-04-14,Kolkata,Eden Gardens,League,Kolkata Knight Riders,Sunrisers Hyderabad,Kolkata Knight Riders,bat,Kolkata Knight Riders,runs,48,N,Standard,181.0,20.0,G Gambhir
598014,2013,2013-04-14,Jaipur,Sawai Mansingh Stadium,League,Rajasthan Royals,Punjab Kings,Rajasthan Royals,field,Rajasthan Royals,wickets,6,N,Standard,125.0,20.0,JP Faulkner
598015,2013,2013-04-15,Chennai,MA Chidambaram Stadium,League,Chennai Super Kings,Pune Warriors,Pune Warriors,bat,Pune Warriors,runs,24,N,Standard,160.0,20.0,SPD Smith
598016,2013,2013-04-16,Chandigarh,Punjab Cricket Association IS Bindra Stadium,League,Punjab Kings,Kolkata Knight Riders,Kolkata Knight Riders,field,Punjab Kings,runs,4,N,Standard,158.0,20.0,MS Gony
598017,2013,2013-04-16,Bengaluru,M Chinnaswamy Stadium,League,Royal Challengers Bengaluru,Delhi Capitals,Royal Challengers Bengaluru,field,Royal Challengers Bengaluru,tie,0,Y,Standard,153.0,20.0,V Kohli
598018,2013,2013-04-17,Pune,Maharashtra Cricket Association Stadium,League,Pune Warriors,Sunrisers Hyderabad,Pune Warriors,field,Sunrisers Hyderabad,runs,11,N,Standard,120.0,20.0,A Mishra
598019,2013,2013-04-17,Jaipur,Sawai Mansingh Stadium,League,Rajasthan Royals,Mumbai Indians,Rajasthan Royals,bat,Rajasthan Royals,runs,87,N,Standard,180.0,20.0,AM Rahane
598020,2013,2013-04-18,Delhi,Arun Jaitley Stadium,League,Delhi Capitals,Chennai Super Kings,Chennai Super Kings,bat,Chennai Super Kings,runs,86,N,Standard,170.0,20.0,MEK Hussey
598021,2013,2013-04-19,Hyderabad,Rajiv Gandhi International Stadium,League,Sunrisers Hyderabad,Punjab Kings,Punjab Kings,bat,Sunrisers Hyderabad,wickets,5,N,Standard,124.0,20.0,GH Vihari
598022,2013,2013-04-20,Kolkata,Eden Gardens,League,Kolkata Knight Riders,Chennai Super Kings,Kolkata Knight Riders,bat,Chennai Super Kings,wickets,4,N,Standard,120.0,20.0,RA Jadeja
598023,2013,2013-04-20,Bengaluru,M Chinnaswamy Stadium,League,Royal Challengers Bengaluru,Rajasthan Royals,Royal Challengers Bengaluru,field,Royal Challengers Bengaluru,wickets,7,N,Standard,118.0,20.0,R Vinay Kumar
598024,2013,2013-04-21,Delhi,Arun Jaitley Stadium,League,Delhi Capitals,Mumbai Indians,Mumbai Indians,bat,Delhi Capitals,wickets,9,N,Standard,162.0,20.0,V Sehwag
598025,2013,2013-04-21,Chandigarh,Punjab Cricket Association IS Bindra Stadium,League,Punjab Kings,Pune Warriors,Punjab Kings,field,Punjab Kings,wickets,7,N,Standard,186.0,20.0,DA Miller
598026,2013,2013-04-22,Chennai,MA Chidambaram Stadium,League,Chennai Super Kings,Rajasthan Royals,Rajasthan Royals,bat,Chennai Super Kings,wickets,5,N,Standard,186.0,20.0,MEK Hussey
598027,2013,2013-04-23,Bengaluru,M Chinnaswamy Stadium,League,Royal Challengers Bengaluru,Pune Warriors,Pune Warriors,field,Royal Challengers Bengaluru,runs,130,N,Standard,264.0,20.0,CH Gayle
598028,2013,2013-05-16,Dharamsala,Himachal Pradesh Cricket Association Stadium,League,Punjab Kings,Delhi Capitals,Delhi Capitals,field,Punjab Kings,runs,7,N,Standard,172.0,20.0,DA Miller
598029,2013,2013-04-24,Kolkata,Eden Gardens,League,Kolkata Knight Riders,Mumbai Indians,Kolkata Knight Riders,bat,Mumbai Indians,wickets,5,N,Standard,160.0,20.0,DR Smith
598030,2013,2013-04-25,Chennai,MA Chidambaram Stadium,League,Chennai Super Kings,Sunrisers Hyderabad,Sunrisers Hyderabad,bat,Chennai Super Kings,wickets,5,N,Standard,160.0,20.0,MS Dhoni
598031,2013,2013-04-26,Kolkata,Eden Gardens,League,Kolkata Knight Riders,Punjab Kings,Punjab Kings,bat,Kolkata Knight Riders,wickets,6,N,Standard,150.0,20.0,JH Kallis
598032,2013,2013-04-27,Jaipur,Sawai Mansingh Stadium,League,Rajasthan Royals,Sunrisers Hyderabad,Sunrisers Hyderabad,bat,Rajasthan Royals,wickets,8,N,Standard,145.0,20.0,JP Faulkner
598033,2013,2013-04-27,Mumbai,Wankhede Stadium,League,Mumbai Indians,Royal Challengers Bengaluru,Mumbai Indians,bat,Mumbai Indians,runs,58,N,Standard,195.0,20.0,DR Smith
598034,2013,2013-04-28,Chennai,MA Chidambaram Stadium,League,Chennai Super Kings,Kolkata Knight Riders,Kolkata Knight Riders,field,Chennai Super Kings,runs,14,N,Standard,201.0,20.0,MEK Hussey
598035,2013,2013-04-28,Raipur,Shaheed Veer Narayan Singh International Stadium,League,Delhi Capitals,Pune Warriors,Pune Warriors,field,Delhi Capitals,runs,15,N,Standard,165.0,20.0,DA Warner
598036,2013,2013-04-29,Jaipur,Sawai Mansingh Stadium,League,Rajasthan Royals,Royal Challengers Bengaluru,Rajasthan Royals,field,Rajasthan Royals,wickets,4,N,Standard,172.0,20.0,SV Samson
598037,2013,2013-04-29,Mumbai,Wankhede Stadium,League,Mumbai Indians,Punjab Kings,Mumbai Indians,bat,Mumbai Indians,runs,4,N,Standard,175.0,20.0,RG Sharma
598038,2013,2013-04-30,Pune,Maharashtra Cricket Association Stadium,League,Pune Warriors,Chennai Super Kings,Chennai Super Kings,bat,Chennai Super Kings,runs,37,N,Standard,165.0,20.0,MS Dhoni
598039,2013,2013-05-01,Hyderabad,Rajiv Gandhi International Stadium,League,Sunrisers Hyderabad,Mumbai Indians,Mumbai Indians,bat,Sunrisers Hyderabad,wickets,7,N,Standard,130.0,20.0,I Sharma
598040,2013,2013-05-01,Raipur,Shaheed Veer Narayan Singh International Stadium,League,Delhi Capitals,Kolkata Knight Riders,Kolkata Knight Riders,bat,Delhi Capitals,wickets,7,N,Standard,137.0,20.0,DA Warner
598041,2013,2013-05-02,Chennai,MA Chidambaram Stadium,League,Chennai Super Kings,Punjab Kings,Chennai Super Kings,bat,Chennai Super Kings,runs,15,N,Standard,187.0,20.0,SK Raina
598042,2013,2013-05-02,Pune,Maharashtra Cricket Association Stadium,League,Pune Warriors,Royal Challengers Bengaluru,Royal Challengers Bengaluru,bat,Royal Challengers Bengaluru,runs,17,N,Standard,188.0,20.0,AB de Villiers
598043,2013,2013-05-03,Kolkata,Eden Gardens,League,Kolkata Knight Riders,Rajasthan Royals,Rajasthan Royals,bat,Kolkata Knight Riders,wickets,8,N,Standard,133.0,20.0,YK Pathan
598044,2013,2013-05-04,Hyderabad,Rajiv Gandhi International Stadium,League,Sunrisers Hyderabad,Delhi Capitals,Delhi Capitals,bat,Sunrisers Hyderabad,wickets,6,N,Standard,81.0,20.0,DJG Sammy
598045,2013,2013-05-14,Bengaluru,M Chinnaswamy Stadium,League,Royal Challengers Bengaluru,Punjab Kings,Punjab Kings,field,Punjab Kings,wickets,7,N,Standard,175.0,20.0,AC Gilchrist
598046,2013,2013-05-05,Mumbai,Wankhede Stadium,League,Mumbai Indians,Chennai Super Kings,Mumbai Indians,bat,Mumbai Indians,runs,60,N,Standard,140.0,20.0,MG Johnson
598047,2013,2013-05-05,Jaipur,Sawai Mansingh Stadium,League,Rajasthan Royals,Pune Warriors,Pune Warriors,bat,Rajasthan Royals,wickets,5,N,Standard,179.0,20.0,AM Rahane
598048,2013,2013-04-09,Bengaluru,M Chinnaswamy Stadium,League,Royal Challengers Bengaluru,Sunrisers Hyderabad,Sunrisers Hyderabad,bat,Royal Challengers Bengaluru,wickets,7,N,Standard,162.0,20.0,V Kohli
598049,2013,2013-05-07,Jaipur,Sawai Mansingh Stadium,League,Rajasthan Royals,Delhi Capitals,Delhi Capitals,bat,Rajasthan Royals,wickets,9,N,Standard,155.0,20.0,AM Rahane
598050,2013,2013-05-07,Mumbai,Wankhede Stadium,League,Mumbai Indians,Kolkata Knight Riders,Mumbai Indians,bat,Mumbai Indians,runs,65,N,Standard,171.0,20.0,SR Tendulkar
598051,2013,2013-05-08,Hyderabad,Rajiv Gandhi International Stadium,League,Sunrisers Hyderabad,Chennai Super Kings,Sunrisers Hyderabad,field,Chennai Super Kings,runs,77,N,Standard,224.0,20.0,SK Raina
598052,2013,2013-05-09,Chandigarh,Punjab Cricket Association IS Bindra Stadium,League,Punjab Kings,Rajasthan Royals,Rajasthan Royals,field,Rajasthan Royals,wickets,8,N,Standard,146.0,20.0,KK Cooper
598053,2013,2013-05-09,Pune,Maharashtra Cricket Association Stadium,League,Pune Warriors,Kolkata Knight Riders,Kolkata Knight Riders,bat,Kolkata Knight Riders,runs,46,N,Standard,153.0,20.0,G Gambhir
598054,2013,2013-05-10,Delhi,Arun Jaitley Stadium,League,Delhi Capitals,Royal Challengers Bengaluru,Delhi Capitals,field,Royal Challengers Bengaluru,runs,4,N,Standard,184.0,20.0,JD Unadkat
598055,2013,2013-05-11,Pune,Maharashtra Cricket Association Stadium,League,Pune Warriors,Mumbai Indians,Pune Warriors,bat,Mumbai Indians,wickets,5,N,Standard,113.0,20.0,MG Johnson
598056,2013,2013-05-11,Chandigarh,Punjab Cricket Association IS Bindra Stadium,League,Punjab Kings,Sunrisers Hyderabad,Punjab Kings,field,Sunrisers Hyderabad,runs,30,N,Standard,151.0,20.0,PA Patel
598057,2013,2013-05-12,Ranchi,JSCA International Stadium Complex,League,Kolkata Knight Riders,Royal Challengers Bengaluru,Kolkata Knight Riders,field,Kolkata Knight Riders,wickets,5,N,Standard,116.0,20.0,JH Kallis
598058,2013,2013-05-12,Jaipur,Sawai Mansingh Stadium,League,Rajasthan Royals,Chennai Super Kings,Rajasthan Royals,field,Rajasthan Royals,wickets,5,N,Standard,142.0,20.0,SR Watson
598059,2013,2013-04-23,Delhi,Arun Jaitley Stadium,League,Delhi Capitals,Punjab Kings,Punjab Kings,field,Punjab Kings,wickets,5,N,Standard,121.0,20.0,Harmeet Singh
598060,2013,2013-05-13,Mumbai,Wankhede Stadium,League,Mumbai Indians,Sunrisers Hyderabad,Sunrisers Hyderabad,bat,Mumbai Indians,wickets,7,N,Standard,179.0,20.0,KA Pollard
598061,2013,2013-05-15,Ranchi,JSCA International Stadium Complex,League,Kolkata Knight Riders,Pune Warriors,Kolkata Knight Riders,field,Pune Warriors,runs,7,N,Standard,171.0,20.0,MK Pandey
598062,2013,2013-05-14,Chennai,MA Chidambaram Stadium,League,Chennai Super Kings,Delhi Capitals,Chennai Super Kings,bat,Chennai Super Kings,runs,33,N,Standard,169.0,20.0,MS Dhoni
598063,2013,2013-05-15,Mumbai,Wankhede Stadium,League,Mumbai Indians,Rajasthan Royals,Rajasthan Royals,field,Mumbai Indians,runs,14,N,Standard,167.0,20.0,AP Tare
598064,2013,2013-05-06,Chandigarh,Punjab Cricket Association IS Bindra Stadium,League,Punjab Kings,Royal Challengers Bengaluru,Punjab Kings,field,Punjab Kings,wickets,6,N,Standard,191.0,20.0,DA Miller
598065,2013,2013-05-17,Hyderabad,Rajiv Gandhi International Stadium,League,Sunrisers Hyderabad,Rajasthan Royals,Sunrisers Hyderabad,bat,Sunrisers Hyderabad,runs,23,N,Standard,137.0,20.0,A Mishra
598066,2013,2013-05-18,Dharamsala,Himachal Pradesh Cricket Association Stadium,League,Punjab Kings,Mumbai Indians,Mumbai Indians,field,Punjab Kings,runs,50,N,Standard,184.0,20.0,Azhar Mahmood
598067,2013,2013-05-19,Pune,Maharashtra Cricket Association Stadium,League,Pune Warriors,Delhi Capitals,Pune Warriors,bat,Pune Warriors,runs,38,N,Standard,173.0,20.0,LJ Wright
598068,2013,2013-05-18,Bengaluru,M Chinnaswamy Stadium,League,Royal Challengers Bengaluru,Chennai Super Kings,Chennai Super Kings,field,Royal Challengers Bengaluru,runs,24,N,Standard,107.0,8.0,V Kohli
598069,2013,2013-05-19,Hyderabad,Rajiv Gandhi International Stadium,League,Sunrisers Hyderabad,Kolkata Knight Riders,Kolkata Knight Riders,bat,Sunrisers Hyderabad,wickets,5,N,Standard,131.0,20.0,PA Patel
598070,2013,2013-05-21,Delhi,Arun Jaitley Stadium,Qualifier 1,Chennai Super Kings,Mumbai Indians,Chennai Super Kings,bat,Chennai Super Kings,runs,48,N,Standard,193.0,20.0,MEK Hussey
598071,2013,2013-05-22,Delhi,Arun Jaitley Stadium,Eliminator,Rajasthan Royals,Sunrisers Hyderabad,Sunrisers Hyderabad,bat,Rajasthan Royals,wickets,4,N,Standard,133.0,20.0,BJ Hodge
598072,2013,2013-05-24,Kolkata,Eden Gardens,Qualifier 2,Mumbai Indians,Rajasthan Royals,Rajasthan Royals,bat,Mumbai Indians,wickets,4,N,Standard,166.0,20.0,Harbhajan Singh
598073,2013,2013-05-26,Kolkata,Eden Gardens,Final,Chennai Super Kings,Mumbai Indians,Mumbai Indians,bat,Mumbai Indians,runs,23,N,Standard,149.0,20.0,KA Pollard
729279,2014,2014-04-16,Abu Dhabi,Zayed Cricket Stadium,League,Mumbai Indians,Kolkata Knight Riders,Kolkata Knight Riders,bat,Kolkata Knight Riders,runs,41,N,Standard,164.0,20.0,JH Kallis
729281,2014,2014-04-17,Sharjah,Sharjah Cricket Stadium,League,Delhi Capitals,Royal Challengers Bengaluru,Royal Challengers Bengaluru,field,Royal Challengers Bengaluru,wickets,8,N,Standard,146.0,20.0,YS Chahal
729283,2014,2014-04-18,Abu Dhabi,Zayed Cricket Stadium,League,Chennai Super Kings,Punjab Kings,Chennai Super Kings,bat,Punjab Kings,wickets,6,N,Standard,206.0,20.0,GJ Maxwell
729285,2014,2014-04-18,Abu Dhabi,Zayed Cricket Stadium,League,Sunrisers Hyderabad,Rajasthan Royals,Rajasthan Royals,field,Rajasthan Royals,wickets,4,N,Standard,134.0,20.0,AM Rahane
729287,2014,2014-04-19,Dubai,Dubai International Cricket Stadium,League,Royal Challengers Bengaluru,Mumbai Indians,Royal Challengers Bengaluru,field,Royal Challengers Bengaluru,wickets,7,N,Standard,116.0,20.0,PA Patel
729289,2014,2014-04-19,Dubai,Dubai International Cricket Stadium,League,Kolkata Knight Riders,Delhi Capitals,Kolkata Knight Riders,bat,Delhi Capitals,wickets,4,N,Standard,167.0,20.0,JP Duminy
729291,2014,2014-04-20,Sharjah,Sharjah Cricket Stadium,League,Rajasthan Royals,Punjab Kings,Punjab Kings,field,Punjab Kings,wickets,7,N,Standard,192.0,20.0,GJ Maxwell
729293,2014,2014-04-21,Abu Dhabi,Zayed Cricket Stadium,League,Chennai Super Kings,Delhi Capitals,Chennai Super Kings,bat,Chennai Super Kings,runs,93,N,Standard,178.0,20.0,SK Raina
729295,2014,2014-04-22,Sharjah,Sharjah Cricket Stadium,League,Punjab Kings,Sunrisers Hyderabad,Sunrisers Hyderabad,field,Punjab Kings,runs,72,N,Standard,194.0,20.0,GJ Maxwell
729297,2014,2014-04-23,Dubai,Dubai International Cricket Stadium,League,Rajasthan Royals,Chennai Super Kings,Rajasthan Royals,field,Chennai Super Kings,runs,7,N,Standard,141.0,20.0,RA Jadeja
729299,2014,2014-04-24,Sharjah,Sharjah Cricket Stadium,League,Royal Challengers Bengaluru,Kolkata Knight Riders,Royal Challengers Bengaluru,field,Kolkata Knight Riders,runs,2,N,Standard,151.0,20.0,CA Lynn
729301,2014,2014-04-25,Dubai,Dubai International Cricket Stadium,League,Sunrisers Hyderabad,Delhi Capitals,Sunrisers Hyderabad,bat,Sunrisers Hyderabad,runs,4,N,Standard,185.0,20.0,AJ Finch
729303,2014,2014-04-25,Dubai,Dubai International Cricket Stadium,League,Chennai Super Kings,Mumbai Indians,Mumbai Indians,bat,Chennai Super Kings,wickets,7,N,Standard,142.0,20.0,MM Sharma
729305,2014,2014-04-26,Abu Dhabi,Zayed Cricket Stadium,League,Rajasthan Royals,Royal Challengers Bengaluru,Rajasthan Royals,field,Rajasthan Royals,wickets,6,N,Standard,71.0,20.0,PV Tambe
729307,2014,2014-04-26,Abu Dhabi,Zayed Cricket Stadium,League,Kolkata Knight Riders,Punjab Kings,Kolkata Knight Riders,field,Punjab Kings,runs,23,N,Standard,133.0,20.0,Sandeep Sharma
729309,2014,2014-04-27,Sharjah,Sharjah Cricket Stadium,League,Delhi Capitals,Mumbai Indians,Mumbai Indians,bat,Delhi Capitals,wickets,6,N,Standard,126.0,20.0,M Vijay
729311,2014,2014-04-27,Sharjah,Sharjah Cricket Stadium,League,Sunrisers Hyderabad,Chennai Super Kings,Sunrisers Hyderabad,bat,Chennai Super Kings,wickets,5,N,Standard,146.0,20.0,DR Smith
729313,2014,2014-04-28,Dubai,Dubai International Cricket Stadium,League,Punjab Kings,Royal Challengers Bengaluru,Punjab Kings,field,Punjab Kings,wickets,5,N,Standard,125.0,20.0,Sandeep Sharma
729315,2014,2014-04-29,Abu Dhabi,Zayed Cricket Stadium,League,Kolkata Knight Riders,Rajasthan Royals,Rajasthan Royals,bat,Rajasthan Royals,tie,0,Y,Standard,153.0,20.0,JP Faulkner
729317,2014,2014-04-30,Dubai,Dubai International Cricket Stadium,League,Mumbai Indians,Sunrisers Hyderabad,Mumbai Indians,field,Sunrisers Hyderabad,runs,15,N,Standard,173.0,20.0,B Kumar
733971,2014,2014-05-02,Ranchi,JSCA International Stadium Complex,League,Chennai Super Kings,Kolkata Knight Riders,Chennai Super Kings,bat,Chennai Super Kings,runs,34,N,Standard,149.0,17.0,RA Jadeja
733973,2014,2014-05-03,Mumbai,Wankhede Stadium,League,Mumbai Indians,Punjab Kings,Punjab Kings,bat,Mumbai Indians,wickets,5,N,Standard,169.0,20.0,CJ Anderson
733975,2014,2014-05-03,Delhi,Arun Jaitley Stadium,League,Delhi Capitals,Rajasthan Royals,Rajasthan Royals,field,Rajasthan Royals,wickets,7,N,Standard,153.0,20.0,KK Nair
733977,2014,2014-05-04,Bengaluru,M Chinnaswamy Stadium,League,Royal Challengers Bengaluru,Sunrisers Hyderabad,Royal Challengers Bengaluru,field,Royal Challengers Bengaluru,wickets,4,N,Standard,156.0,20.0,AB de Villiers
733979,2014,2014-05-05,Ahmedabad,Narendra Modi Stadium,League,Rajasthan Royals,Kolkata Knight Riders,Kolkata Knight Riders,field,Rajasthan Royals,runs,10,N,Standard,171.0,20.0,PV Tambe
733981,2014,2014-05-05,Delhi,Arun Jaitley Stadium,League,Delhi Capitals,Chennai Super Kings,Chennai Super Kings,field,Chennai Super Kings,wickets,8,N,Standard,179.0,20.0,DR Smith
733983,2014,2014-05-06,Mumbai,Wankhede Stadium,League,Mumbai Indians,Royal Challengers Bengaluru,Royal Challengers Bengaluru,field,Mumbai Indians,runs,19,N,Standard,188.0,20.0,RG Sharma
733985,2014,2014-05-07,Delhi,Arun Jaitley Stadium,League,Delhi Capitals,Kolkata Knight Riders,Delhi Capitals,bat,Kolkata Knight Riders,wickets,8,N,Standard,161.0,20.0,G Gambhir
733987,2014,2014-05-07,Cuttack,Barabati Stadium,League,Punjab Kings,Chennai Super Kings,Chennai Super Kings,field,Punjab Kings,runs,44,N,Standard,232.0,20.0,GJ Maxwell
733989,2014,2014-05-08,Ahmedabad,Narendra Modi Stadium,League,Rajasthan Royals,Sunrisers Hyderabad,Rajasthan Royals,field,Sunrisers Hyderabad,runs,32,N,Standard,135.0,20.0,B Kumar
733991,2014,2014-05-09,Bengaluru,M Chinnaswamy Stadium,League,Royal Challengers Bengaluru,Punjab Kings,Royal Challengers Bengaluru,field,Punjab Kings,runs,32,N,Standard,199.0,20.0,Sandeep Sharma
733993,2014,2014-05-10,Delhi,Arun Jaitley Stadium,League,Delhi Capitals,Sunrisers Hyderabad,Sunrisers Hyderabad,field,Sunrisers Hyderabad,wickets,8,N,D/L,43.0,5.0,DW Steyn
733995,2014,2014-05-10,Mumbai,Wankhede Stadium,League,Mumbai Indians,Chennai Super Kings,Chennai Super Kings,field,Chennai Super Kings,wickets,4,N,Standard,158.0,20.0,DR Smith
733997,2014,2014-05-11,Cuttack,Barabati Stadium,League,Punjab Kings,Kolkata Knight Riders,Kolkata Knight Riders,field,Kolkata Knight Riders,wickets,9,N,Standard,150.0,20.0,G Gambhir
733999,2014,2014-05-11,Bengaluru,M Chinnaswamy Stadium,League,Royal Challengers Bengaluru,Rajasthan Royals,Royal Challengers Bengaluru,bat,Rajasthan Royals,wickets,5,N,Standard,191.0,20.0,JP Faulkner
734001,2014,2014-05-12,Hyderabad,Rajiv Gandhi International Stadium,League,Sunrisers Hyderabad,Mumbai Indians,Sunrisers Hyderabad,bat,Mumbai Indians,wickets,7,N,Standard,158.0,20.0,AT Rayudu
734003,2014,2014-05-13,Ranchi,JSCA International Stadium Complex,League,Chennai Super Kings,Rajasthan Royals,Rajasthan Royals,bat,Chennai Super Kings,wickets,5,N,Standard,149.0,20.0,RA Jadeja
734005,2014,2014-05-13,Bengaluru,M Chinnaswamy Stadium,League,Royal Challengers Bengaluru,Delhi Capitals,Delhi Capitals,field,Royal Challengers Bengaluru,runs,16,N,Standard,187.0,20.0,Yuvraj Singh
734007,2014,2014-05-14,Hyderabad,Rajiv Gandhi International Stadium,League,Sunrisers Hyderabad,Punjab Kings,Punjab Kings,field,Punjab Kings,wickets,6,N,Standard,206.0,20.0,WP Saha
734009,2014,2014-05-14,Cuttack,Barabati Stadium,League,Kolkata Knight Riders,Mumbai Indians,Kolkata Knight Riders,field,Kolkata Knight Riders,wickets,6,N,Standard,142.0,20.0,RV Uthappa
734011,2014,2014-05-15,Ahmedabad,Narendra Modi Stadium,League,Rajasthan Royals,Delhi Capitals,Delhi Capitals,field,Rajasthan Royals,runs,62,N,Standard,202.0,20.0,AM Rahane
734013,2014,2014-05-18,Ranchi,JSCA International Stadium Complex,League,Chennai Super Kings,Royal Challengers Bengaluru,Chennai Super Kings,bat,Royal Challengers Bengaluru,wickets,5,N,Standard,139.0,20.0,AB de Villiers
734015,2014,2014-05-18,Hyderabad,Rajiv Gandhi International Stadium,League,Sunrisers Hyderabad,Kolkata Knight Riders,Sunrisers Hyderabad,bat,Kolkata Knight Riders,wickets,7,N,Standard,143.0,20.0,UT Yadav
734017,2014,2014-05-19,Ahmedabad,Narendra Modi Stadium,League,Rajasthan Royals,Mumbai Indians,Mumbai Indians,bat,Mumbai Indians,runs,25,N,Standard,179.0,20.0,MEK Hussey
734019,2014,2014-05-19,Delhi,Arun Jaitley Stadium,League,Delhi Capitals,Punjab Kings,Punjab Kings,field,Punjab Kings,wickets,4,N,Standard,165.0,20.0,AR Patel
734021,2014,2014-05-20,Hyderabad,Rajiv Gandhi International Stadium,League,Sunrisers Hyderabad,Royal Challengers Bengaluru,Royal Challengers Bengaluru,bat,Sunrisers Hyderabad,wickets,7,N,Standard,161.0,20.0,DA Warner
734023,2014,2014-05-20,Kolkata,Eden Gardens,League,Kolkata Knight Riders,Chennai Super Kings,Kolkata Knight Riders,field,Kolkata Knight Riders,wickets,8,N,Standard,155.0,20.0,RV Uthappa
734025,2014,2014-05-21,Chandigarh,Punjab Cricket Association IS Bindra Stadium,League,Punjab Kings,Mumbai Indians,Mumbai Indians,field,Mumbai Indians,wickets,7,N,Standard,157.0,20.0,LMP Simmons
734027,2014,2014-05-22,Kolkata,Eden Gardens,League,Kolkata Knight Riders,Royal Challengers Bengaluru,Royal Challengers Bengaluru,field,Kolkata Knight Riders,runs,30,N,Standard,196.0,20.0,RV Uthappa
734029,2014,2014-05-22,Ranchi,JSCA International Stadium Complex,League,Chennai Super Kings,Sunrisers Hyderabad,Sunrisers Hyderabad,field,Sunrisers Hyderabad,wickets,6,N,Standard,186.0,20.0,DA Warner
734031,2014,2014-05-23,Mumbai,Wankhede Stadium,League,Mumbai Indians,Delhi Capitals,Delhi Capitals,field,Mumbai Indians,runs,15,N,Standard,174.0,20.0,MEK Hussey
734033,2014,2014-05-23,Chandigarh,Punjab Cricket Association IS Bindra Stadium,League,Punjab Kings,Rajasthan Royals,Rajasthan Royals,field,Punjab Kings,runs,16,N,Standard,180.0,20.0,SE Marsh
734035,2014,2014-05-24,Bengaluru,M Chinnaswamy Stadium,League,Royal Challengers Bengaluru,Chennai Super Kings,Chennai Super Kings,field,Chennai Super Kings,wickets,8,N,Standard,155.0,20.0,MS Dhoni
734037,2014,2014-05-24,Kolkata,Eden Gardens,League,Kolkata Knight Riders,Sunrisers Hyderabad,Kolkata Knight Riders,field,Kolkata Knight Riders,wickets,4,N,Standard,161.0,20.0,YK Pathan
734039,2014,2014-05-25,Chandigarh,Punjab Cricket Association IS Bindra Stadium,League,Punjab Kings,Delhi Capitals,Punjab Kings,field,Punjab Kings,wickets,7,N,Standard,116.0,20.0,M Vohra
734041,2014,2014-05-25,Mumbai,Wankhede Stadium,League,Mumbai Indians,Rajasthan Royals,Mumbai Indians,field,Mumbai Indians,wickets,5,N,Standard,190.0,20.0,CJ Anderson
734043,2014,2014-05-27,Kolkata,Eden Gardens,Qualifier 1,Punjab Kings,Kolkata Knight Riders,Punjab Kings,field,Kolkata Knight Riders,runs,28,N,Standard,164.0,20.0,UT Yadav
734045,2014,2014-05-28,Mumbai,Brabourne Stadium,Eliminator,Chennai Super Kings,Mumbai Indians,Chennai Super Kings,field,Chennai Super Kings,wickets,7,N,Standard,174.0,20.0,SK Raina
734047,2014,2014-05-30,Mumbai,Wankhede Stadium,Qualifier 2,Chennai Super Kings,Punjab Kings,Chennai Super Kings,field,Punjab Kings,runs,24,N,Standard,227.0,20.0,V Sehwag
734049,2014,2014-06-01,Bengaluru,M Chinnaswamy Stadium,Final,Kolkata Knight Riders,Punjab Kings,Kolkata Knight Riders,field,Kolkata Knight Riders,wickets,3,N,Standard,200.0,20.0,MK Pandey
829705,2015,2015-04-08,Kolkata,Eden Gardens,League,Kolkata Knight Riders,Mumbai Indians,Kolkata Knight Riders,field,Kolkata Knight Riders,wickets,7,N,Standard,169.0,20.0,M Morkel
829707,2015,2015-04-09,Chennai,MA Chidambaram Stadium,League,Chennai Super Kings,Delhi Capitals,Delhi Capitals,field,Chennai Super Kings,runs,1,N,Standard,151.0,20.0,A Nehra
829709,2015,2015-04-10,Pune,Maharashtra Cricket Association Stadium,League,Punjab Kings,Rajasthan Royals,Punjab Kings,field,Rajasthan Royals,runs,26,N,Standard,163.0,20.0,JP Faulkner
829711,2015,2015-04-11,Chennai,MA Chidambaram Stadium,League,Chennai Super Kings,Sunrisers Hyderabad,Chennai Super Kings,bat,Chennai Super Kings,runs,45,N,Standard,210.0,20.0,BB McCullum
829713,2015,2015-04-11,Kolkata,Eden Gardens,League,Kolkata Knight Riders,Royal Challengers Bengaluru,Royal Challengers Bengaluru,field,Royal Challengers Bengaluru,wickets,3,N,Standard,178.0,20.0,CH Gayle
829715,2015,2015-04-12,Delhi,Arun Jaitley Stadium,League,Delhi Capitals,Rajasthan Royals,Rajasthan Royals,field,Rajasthan Royals,wickets,3,N,Standard,185.0,20.0,DJ Hooda
829717,2015,2015-04-12,Mumbai,Wankhede Stadium,League,Mumbai Indians,Punjab Kings,Mumbai Indians,field,Punjab Kings,runs,18,N,Standard,178.0,20.0,GJ Bailey
829719,2015,2015-04-13,Bengaluru,M Chinnaswamy Stadium,League,Royal Challengers Bengaluru,Sunrisers Hyderabad,Sunrisers Hyderabad,field,Sunrisers Hyderabad,wickets,8,N,Standard,167.0,20.0,DA Warner
829721,2015,2015-04-14,Ahmedabad,Narendra Modi Stadium,League,Rajasthan Royals,Mumbai Indians,Mumbai Indians,bat,Rajasthan Royals,wickets,7,N,Standard,165.0,20.0,SPD Smith
829723,2015,2015-04-30,Kolkata,Eden Gardens,League,Kolkata Knight Riders,Chennai Super Kings,Kolkata Knight Riders,field,Kolkata Knight Riders,wickets,7,N,Standard,166.0,20.0,AD Russell
829725,2015,2015-04-15,Pune,Maharashtra Cricket Association Stadium,League,Punjab Kings,Delhi Capitals,Punjab Kings,bat,Delhi Capitals,wickets,5,N,Standard,166.0,20.0,MA Agarwal
829727,2015,2015-04-16,Visakhapatnam,Dr. Y.S. Rajasekhara Reddy ACA-VDCA Cricket Stadium,League,Sunrisers Hyderabad,Rajasthan Royals,Rajasthan Royals,field,Rajasthan Royals,wickets,6,N,Standard,128.0,20.0,AM Rahane
829729,2015,2015-04-17,Mumbai,Wankhede Stadium,League,Mumbai Indians,Chennai Super Kings,Mumbai Indians,bat,Chennai Super Kings,wickets,6,N,Standard,184.0,20.0,A Nehra
829731,2015,2015-04-18,Visakhapatnam,Dr. Y.S. Rajasekhara Reddy ACA-VDCA Cricket Stadium,League,Sunrisers Hyderabad,Delhi Capitals,Delhi Capitals,bat,Delhi Capitals,runs,4,N,Standard,168.0,20.0,JP Duminy
829733,2015,2015-04-18,Pune,Maharashtra Cricket Association Stadium,League,Punjab Kings,Kolkata Knight Riders,Kolkata Knight Riders,field,Kolkata Knight Riders,wickets,4,N,Standard,156.0,20.0,AD Russell
829735,2015,2015-04-19,Ahmedabad,Narendra Modi Stadium,League,Rajasthan Royals,Chennai Super Kings,Chennai Super Kings,bat,Rajasthan Royals,wickets,8,N,Standard,157.0,20.0,AM Rahane
829737,2015,2015-04-19,Bengaluru,M Chinnaswamy Stadium,League,Royal Challengers Bengaluru,Mumbai Indians,Royal Challengers Bengaluru,field,Mumbai Indians,runs,18,N,Standard,210.0,20.0,Harbhajan Singh
829739,2015,2015-04-20,Delhi,Arun Jaitley Stadium,League,Delhi Capitals,Kolkata Knight Riders,Kolkata Knight Riders,field,Kolkata Knight Riders,wickets,6,N,Standard,147.0,20.0,UT Yadav
829741,2015,2015-04-21,Ahmedabad,Narendra Modi Stadium,League,Rajasthan Royals,Punjab Kings,Punjab Kings,field,Punjab Kings,tie,0,Y,Standard,192.0,20.0,SE Marsh
829743,2015,2015-04-22,Visakhapatnam,Dr. Y.S. Rajasekhara Reddy ACA-VDCA Cricket Stadium,League,Sunrisers Hyderabad,Kolkata Knight Riders,Kolkata Knight Riders,field,Sunrisers Hyderabad,runs,16,N,D/L,118.0,12.0,DA Warner
829745,2015,2015-04-22,Bengaluru,M Chinnaswamy Stadium,League,Royal Challengers Bengaluru,Chennai Super Kings,Royal Challengers Bengaluru,field,Chennai Super Kings,runs,27,N,Standard,182.0,20.0,SK Raina
829747,2015,2015-04-23,Delhi,Arun Jaitley Stadium,League,Delhi Capitals,Mumbai Indians,Mumbai Indians,field,Delhi Capitals,runs,37,N,Standard,191.0,20.0,SS Iyer
829749,2015,2015-04-24,Ahmedabad,Narendra Modi Stadium,League,Rajasthan Royals,Royal Challengers Bengaluru,Royal Challengers Bengaluru,field,Royal Challengers Bengaluru,wickets,9,N,Standard,131.0,20.0,MA Starc
829751,2015,2015-04-25,Mumbai,Wankhede Stadium,League,Mumbai Indians,Sunrisers Hyderabad,Mumbai Indians,bat,Mumbai Indians,runs,20,N,Standard,158.0,20.0,SL Malinga
829753,2015,2015-04-25,Chennai,MA Chidambaram Stadium,League,Chennai Super Kings,Punjab Kings,Chennai Super Kings,bat,Chennai Super Kings,runs,97,N,Standard,193.0,20.0,BB McCullum
829757,2015,2015-04-26,Delhi,Arun Jaitley Stadium,League,Delhi Capitals,Royal Challengers Bengaluru,Royal Challengers Bengaluru,field,Royal Challengers Bengaluru,wickets,10,N,Standard,96.0,20.0,VR Aaron
829759,2015,2015-04-27,Chandigarh,Punjab Cricket Association IS Bindra Stadium,League,Punjab Kings,Sunrisers Hyderabad,Punjab Kings,field,Sunrisers Hyderabad,runs,20,N,Standard,151.0,20.0,TA Boult
829761,2015,2015-05-07,Kolkata,Eden Gardens,League,Kolkata Knight Riders,Delhi Capitals,Kolkata Knight Riders,bat,Kolkata Knight Riders,runs,13,N,Standard,172.0,20.0,PP Chawla
829763,2015,2015-04-29,Bengaluru,M Chinnaswamy Stadium,League,Royal Challengers Bengaluru,Rajasthan Royals,Rajasthan Royals,field,,no result,0,N,Standard,,,
829765,2015,2015-04-28,Chennai,MA Chidambaram Stadium,League,Chennai Super Kings,Kolkata Knight Riders,Kolkata Knight Riders,field,Chennai Super Kings,runs,2,N,Standard,135.0,20.0,DJ Bravo
829767,2015,2015-05-01,Delhi,Arun Jaitley Stadium,League,Delhi Capitals,Punjab Kings,Delhi Capitals,field,Delhi Capitals,wickets,9,N,Standard,119.0,20.0,NM Coulter-Nile
829769,2015,2015-05-01,Mumbai,Wankhede Stadium,League,Mumbai Indians,Rajasthan Royals,Rajasthan Royals,field,Mumbai Indians,runs,8,N,Standard,188.0,20.0,AT Rayudu
829771,2015,2015-05-02,Bengaluru,M Chinnaswamy Stadium,League,Royal Challengers Bengaluru,Kolkata Knight Riders,Royal Challengers Bengaluru,field,Royal Challengers Bengaluru,wickets,7,N,Standard,112.0,10.0,Mandeep Singh
829773,2015,2015-05-02,Hyderabad,Rajiv Gandhi International Stadium,League,Sunrisers Hyderabad,Chennai Super Kings,Chennai Super Kings,field,Sunrisers Hyderabad,runs,22,N,Standard,193.0,20.0,DA Warner
829775,2015,2015-05-03,Chandigarh,Punjab Cricket Association IS Bindra Stadium,League,Punjab Kings,Mumbai Indians,Mumbai Indians,bat,Mumbai Indians,runs,23,N,Standard,173.0,20.0,LMP Simmons
829777,2015,2015-05-03,Mumbai,Brabourne Stadium,League,Rajasthan Royals,Delhi Capitals,Delhi Capitals,field,Rajasthan Royals,runs,14,N,Standard,190.0,20.0,AM Rahane
829779,2015,2015-05-04,Chennai,MA Chidambaram Stadium,League,Chennai Super Kings,Royal Challengers Bengaluru,Chennai Super Kings,bat,Chennai Super Kings,runs,24,N,Standard,149.0,20.0,SK Raina
829781,2015,2015-05-04,Kolkata,Eden Gardens,League,Kolkata Knight Riders,Sunrisers Hyderabad,Sunrisers Hyderabad,field,Kolkata Knight Riders,runs,35,N,Standard,168.0,20.0,UT Yadav
829783,2015,2015-05-05,Mumbai,Wankhede Stadium,League,Mumbai Indians,Delhi Capitals,Delhi Capitals,bat,Mumbai Indians,wickets,5,N,Standard,153.0,20.0,Harbhajan Singh
829785,2015,2015-05-06,Bengaluru,M Chinnaswamy Stadium,League,Royal Challengers Bengaluru,Punjab Kings,Punjab Kings,field,Royal Challengers Bengaluru,runs,138,N,Standard,227.0,20.0,CH Gayle
829787,2015,2015-05-07,Mumbai,Brabourne Stadium,League,Rajasthan Royals,Sunrisers Hyderabad,Rajasthan Royals,field,Sunrisers Hyderabad,runs,7,N,Standard,202.0,20.0,EJG Morgan
829789,2015,2015-05-08,Chennai,MA Chidambaram Stadium,League,Chennai Super Kings,Mumbai Indians,Chennai Super Kings,bat,Mumbai Indians,wickets,6,N,Standard,159.0,20.0,HH Pandya
829791,2015,2015-05-09,Kolkata,Eden Gardens,League,Kolkata Knight Riders,Punjab Kings,Punjab Kings,bat,Kolkata Knight Riders,wickets,1,N,Standard,184.0,20.0,AD Russell
829793,2015,2015-05-09,Raipur,Shaheed Veer Narayan Singh International Stadium,League,Delhi Capitals,Sunrisers Hyderabad,Sunrisers Hyderabad,bat,Sunrisers Hyderabad,runs,6,N,Standard,164.0,20.0,MC Henriques
829795,2015,2015-05-10,Mumbai,Wankhede Stadium,League,Mumbai Indians,Royal Challengers Bengaluru,Royal Challengers Bengaluru,bat,Royal Challengers Bengaluru,runs,39,N,Standard,236.0,20.0,AB de Villiers
829797,2015,2015-05-10,Chennai,MA Chidambaram Stadium,League,Chennai Super Kings,Rajasthan Royals,Chennai Super Kings,bat,Chennai Super Kings,runs,12,N,Standard,158.0,20.0,RA Jadeja
829799,2015,2015-05-11,Hyderabad,Rajiv Gandhi International Stadium,League,Sunrisers Hyderabad,Punjab Kings,Sunrisers Hyderabad,bat,Sunrisers Hyderabad,runs,5,N,Standard,186.0,20.0,DA Warner
829801,2015,2015-05-12,Raipur,Shaheed Veer Narayan Singh International Stadium,League,Delhi Capitals,Chennai Super Kings,Chennai Super Kings,bat,Delhi Capitals,wickets,6,N,Standard,120.0,20.0,Z Khan
829803,2015,2015-05-13,Chandigarh,Punjab Cricket Association IS Bindra Stadium,League,Punjab Kings,Royal Challengers Bengaluru,Royal Challengers Bengaluru,field,Punjab Kings,runs,22,N,Standard,107.0,10.0,AR Patel
829805,2015,2015-05-14,Mumbai,Wankhede Stadium,League,Mumbai Indians,Kolkata Knight Riders,Kolkata Knight Riders,field,Mumbai Indians,runs,5,N,Standard,172.0,20.0,HH Pandya
829807,2015,2015-05-15,Hyderabad,Rajiv Gandhi International Stadium,League,Sunrisers Hyderabad,Royal Challengers Bengaluru,Sunrisers Hyderabad,bat,Royal Challengers Bengaluru,wickets,6,N,D/L,81.0,6.0,V Kohli
829809,2015,2015-05-16,Chandigarh,Punjab Cricket Association IS Bindra Stadium,League,Punjab Kings,Chennai Super Kings,Punjab Kings,bat,Chennai Super Kings,wickets,7,N,Standard,131.0,20.0,P Negi
829811,2015,2015-05-16,Mumbai,Brabourne Stadium,League,Rajasthan Royals,Kolkata Knight Riders,Rajasthan Royals,bat,Rajasthan Royals,runs,9,N,Standard,200.0,20.0,SR Watson
829813,2015,2015-05-17,Bengaluru,M Chinnaswamy Stadium,League,Royal Challengers Bengaluru,Delhi Capitals,Royal Challengers Bengaluru,field,,no result,0,N,Standard,188.0,20.0,
829815,2015,2015-05-17,Hyderabad,Rajiv Gandhi International Stadium,League,Sunrisers Hyderabad,Mumbai Indians,Sunrisers Hyderabad,bat,Mumbai Indians,wickets,9,N,Standard,114.0,20.0,MJ McClenaghan
829817,2015,2015-05-19,Mumbai,Wankhede Stadium,Qualifier 1,Chennai Super Kings,Mumbai Indians,Mumbai Indians,bat,Mumbai Indians,runs,25,N,Standard,188.0,20.0,KA Pollard
829819,2015,2015-05-20,Pune,Maharashtra Cricket Association Stadium,Eliminator,Royal Challengers Bengaluru,Rajasthan Royals,Royal Challengers Bengaluru,bat,Royal Challengers Bengaluru,runs,71,N,Standard,181.0,20.0,AB de Villiers
829821,2015,2015-05-22,Ranchi,JSCA International Stadium Complex,Qualifier 2,Chennai Super Kings,Royal Challengers Bengaluru,Chennai Super Kings,field,Chennai Super Kings,wickets,3,N,Standard,140.0,20.0,A Nehra
829823,2015,2015-05-24,Kolkata,Eden Gardens,Final,Mumbai Indians,Chennai Super Kings,Chennai Super Kings,field,Mumbai Indians,runs,41,N,Standard,203.0,20.0,RG Sharma
980901,2016,2016-04-09,Mumbai,Wankhede Stadium,League,Mumbai Indians,Rising Pune Supergiants,Mumbai Indians,bat,Rising Pune Supergiants,wickets,9,N,Standard,122.0,20.0,AM Rahane
980903,2016,2016-04-10,Kolkata,Eden Gardens,League,Kolkata Knight Riders,Delhi Capitals,Kolkata Knight Riders,field,Kolkata Knight Riders,wickets,9,N,Standard,99.0,20.0,AD Russell
980905,2016,2016-04-11,Chandigarh,Punjab Cricket Association IS Bindra Stadium,League,Punjab Kings,Gujarat Lions,Gujarat Lions,field,Gujarat Lions,wickets,5,N,Standard,162.0,20.0,AJ Finch
980907,2016,2016-04-12,Bengaluru,M Chinnaswamy Stadium,League,Royal Challengers Bengaluru,Sunrisers Hyderabad,Sunrisers Hyderabad,field,Royal Challengers Bengaluru,runs,45,N,Standard,228.0,20.0,AB de Villiers
980909,2016,2016-04-13,Kolkata,Eden Gardens,League,Kolkata Knight Riders,Mumbai Indians,Mumbai Indians,field,Mumbai Indians,wickets,6,N,Standard,188.0,20.0,RG Sharma
980911,2016,2016-04-14,Rajkot,Saurashtra Cricket Association Stadium,League,Gujarat Lions,Rising Pune Supergiants,Rising Pune Supergiants,bat,Gujarat Lions,wickets,7,N,Standard,164.0,20.0,AJ Finch
980913,2016,2016-04-15,Delhi,Arun Jaitley Stadium,League,Delhi Capitals,Punjab Kings,Delhi Capitals,field,Delhi Capitals,wickets,8,N,Standard,112.0,20.0,A Mishra
980915,2016,2016-04-16,Hyderabad,Rajiv Gandhi International Stadium,League,Sunrisers Hyderabad,Kolkata Knight Riders,Sunrisers Hyderabad,bat,Kolkata Knight Riders,wickets,8,N,Standard,143.0,20.0,G Gambhir
980917,2016,2016-04-16,Mumbai,Wankhede Stadium,League,Mumbai Indians,Gujarat Lions,Gujarat Lions,field,Gujarat Lions,wickets,3,N,Standard,144.0,20.0,AJ Finch
980919,2016,2016-04-17,Chandigarh,Punjab Cricket Association IS Bindra Stadium,League,Punjab Kings,Rising Pune Supergiants,Rising Pune Supergiants,bat,Punjab Kings,wickets,6,N,Standard,153.0,20.0,M Vohra
980921,2016,2016-04-17,Bengaluru,M Chinnaswamy Stadium,League,Royal Challengers Bengaluru,Delhi Capitals,Delhi Capitals,field,Delhi Capitals,wickets,7,N,Standard,192.0,20.0,Q de Kock
980923,2016,2016-04-18,Hyderabad,Rajiv Gandhi International Stadium,League,Sunrisers Hyderabad,Mumbai Indians,Sunrisers Hyderabad,field,Sunrisers Hyderabad,wickets,7,N,Standard,143.0,20.0,DA Warner
980925,2016,2016-04-19,Chandigarh,Punjab Cricket Association IS Bindra Stadium,League,Punjab Kings,Kolkata Knight Riders,Kolkata Knight Riders,field,Kolkata Knight Riders,wickets,6,N,Standard,139.0,20.0,RV Uthappa
980927,2016,2016-04-20,Mumbai,Wankhede Stadium,League,Mumbai Indians,Royal Challengers Bengaluru,Mumbai Indians,field,Mumbai Indians,wickets,6,N,Standard,171.0,20.0,RG Sharma
980929,2016,2016-04-21,Rajkot,Saurashtra Cricket Association Stadium,League,Gujarat Lions,Sunrisers Hyderabad,Sunrisers Hyderabad,field,Sunrisers Hyderabad,wickets,10,N,Standard,136.0,20.0,B Kumar
980931,2016,2016-04-22,Pune,Maharashtra Cricket Association Stadium,League,Rising Pune Supergiants,Royal Challengers Bengaluru,Rising Pune Supergiants,field,Royal Challengers Bengaluru,runs,13,N,Standard,186.0,20.0,AB de Villiers
980933,2016,2016-04-23,Delhi,Arun Jaitley Stadium,League,Delhi Capitals,Mumbai Indians,Mumbai Indians,field,Delhi Capitals,runs,10,N,Standard,165.0,20.0,SV Samson
980935,2016,2016-04-23,Hyderabad,Rajiv Gandhi International Stadium,League,Sunrisers Hyderabad,Punjab Kings,Sunrisers Hyderabad,field,Sunrisers Hyderabad,wickets,5,N,Standard,144.0,20.0,Mustafizur Rahman
980937,2016,2016-04-24,Rajkot,Saurashtra Cricket Association Stadium,League,Gujarat Lions,Royal Challengers Bengaluru,Royal Challengers Bengaluru,bat,Gujarat Lions,wickets,6,N,Standard,181.0,20.0,V Kohli
980939,2016,2016-04-24,Pune,Maharashtra Cricket Association Stadium,League,Rising Pune Supergiants,Kolkata Knight Riders,Kolkata Knight Riders,field,Kolkata Knight Riders,wickets,2,N,Standard,161.0,20.0,SA Yadav
980941,2016,2016-04-25,Chandigarh,Punjab Cricket Association IS Bindra Stadium,League,Punjab Kings,Mumbai Indians,Punjab Kings,field,Mumbai Indians,runs,25,N,Standard,190.0,20.0,PA Patel
980943,2016,2016-04-26,Hyderabad,Rajiv Gandhi International Stadium,League,Sunrisers Hyderabad,Rising Pune Supergiants,Rising Pune Supergiants,field,Rising Pune Supergiants,runs,34,N,D/L,61.0,11.0,AB Dinda
980945,2016,2016-04-27,Delhi,Arun Jaitley Stadium,League,Delhi Capitals,Gujarat Lions,Delhi Capitals,field,Gujarat Lions,runs,1,N,Standard,173.0,20.0,CH Morris
980947,2016,2016-04-28,Mumbai,Wankhede Stadium,League,Mumbai Indians,Kolkata Knight Riders,Mumbai Indians,field,Mumbai Indians,wickets,6,N,Standard,175.0,20.0,RG Sharma
980949,2016,2016-04-29,Pune,Maharashtra Cricket Association Stadium,League,Rising Pune Supergiants,Gujarat Lions,Gujarat Lions,field,Gujarat Lions,wickets,3,N,Standard,196.0,20.0,DR Smith
980951,2016,2016-04-30,Delhi,Arun Jaitley Stadium,League,Delhi Capitals,Kolkata Knight Riders,Kolkata Knight Riders,field,Delhi Capitals,runs,27,N,Standard,187.0,20.0,CR Brathwaite
980953,2016,2016-04-30,Hyderabad,Rajiv Gandhi International Stadium,League,Sunrisers Hyderabad,Royal Challengers Bengaluru,Royal Challengers Bengaluru,field,Sunrisers Hyderabad,runs,15,N,Standard,195.0,20.0,DA Warner
980955,2016,2016-05-01,Rajkot,Saurashtra Cricket Association Stadium,League,Gujarat Lions,Punjab Kings,Gujarat Lions,field,Punjab Kings,runs,23,N,Standard,155.0,20.0,AR Patel
980957,2016,2016-05-01,Pune,Maharashtra Cricket Association Stadium,League,Rising Pune Supergiants,Mumbai Indians,Mumbai Indians,field,Mumbai Indians,wickets,8,N,Standard,160.0,20.0,RG Sharma
980959,2016,2016-05-02,Bengaluru,M Chinnaswamy Stadium,League,Royal Challengers Bengaluru,Kolkata Knight Riders,Kolkata Knight Riders,field,Kolkata Knight Riders,wickets,5,N,Standard,186.0,20.0,AD Russell
980961,2016,2016-05-03,Rajkot,Saurashtra Cricket Association Stadium,League,Gujarat Lions,Delhi Capitals,Delhi Capitals,field,Delhi Capitals,wickets,8,N,Standard,150.0,20.0,RR Pant
980963,2016,2016-05-04,Kolkata,Eden Gardens,League,Kolkata Knight Riders,Punjab Kings,Punjab Kings,field,Kolkata Knight Riders,runs,7,N,Standard,165.0,20.0,AD Russell
980965,2016,2016-05-05,Delhi,Arun Jaitley Stadium,League,Delhi Capitals,Rising Pune Supergiants,Rising Pune Supergiants,field,Rising Pune Supergiants,wickets,7,N,Standard,163.0,20.0,AM Rahane
980967,2016,2016-05-06,Hyderabad,Rajiv Gandhi International Stadium,League,Sunrisers Hyderabad,Gujarat Lions,Sunrisers Hyderabad,field,Sunrisers Hyderabad,wickets,5,N,Standard,127.0,20.0,B Kumar
980969,2016,2016-05-07,Bengaluru,M Chinnaswamy Stadium,League,Royal Challengers Bengaluru,Rising Pune Supergiants,Royal Challengers Bengaluru,field,Royal Challengers Bengaluru,wickets,7,N,Standard,192.0,20.0,V Kohli
980971,2016,2016-05-07,Chandigarh,Punjab Cricket Association IS Bindra Stadium,League,Punjab Kings,Delhi Capitals,Delhi Capitals,field,Punjab Kings,runs,9,N,Standard,182.0,20.0,MP Stoinis
980973,2016,2016-05-08,Visakhapatnam,Dr. Y.S. Rajasekhara Reddy ACA-VDCA Cricket Stadium,League,Mumbai Indians,Sunrisers Hyderabad,Mumbai Indians,field,Sunrisers Hyderabad,runs,85,N,Standard,178.0,20.0,A Nehra
980975,2016,2016-05-08,Kolkata,Eden Gardens,League,Kolkata Knight Riders,Gujarat Lions,Gujarat Lions,field,Gujarat Lions,wickets,5,N,Standard,159.0,20.0,P Kumar
980977,2016,2016-05-09,Chandigarh,Punjab Cricket Association IS Bindra Stadium,League,Punjab Kings,Royal Challengers Bengaluru,Punjab Kings,field,Royal Challengers Bengaluru,runs,1,N,Standard,176.0,20.0,SR Watson
980979,2016,2016-05-10,Visakhapatnam,Dr. Y.S. Rajasekhara Reddy ACA-VDCA Cricket Stadium,League,Rising Pune Supergiants,Sunrisers Hyderabad,Sunrisers Hyderabad,bat,Sunrisers Hyderabad,runs,4,N,Standard,138.0,20.0,A Zampa
980981,2016,2016-05-11,Bengaluru,M Chinnaswamy Stadium,League,Royal Challengers Bengaluru,Mumbai Indians,Mumbai Indians,field,Mumbai Indians,wickets,6,N,Standard,152.0,20.0,KH Pandya
980983,2016,2016-05-12,Hyderabad,Rajiv Gandhi International Stadium,League,Sunrisers Hyderabad,Delhi Capitals,Delhi Capitals,field,Delhi Capitals,wickets,7,N,Standard,147.0,20.0,CH Morris
980985,2016,2016-05-13,Visakhapatnam,Dr. Y.S. Rajasekhara Reddy ACA-VDCA Cricket Stadium,League,Mumbai Indians,Punjab Kings,Mumbai Indians,bat,Punjab Kings,wickets,7,N,Standard,125.0,20.0,MP Stoinis
980987,2016,2016-05-14,Bengaluru,M Chinnaswamy Stadium,League,Royal Challengers Bengaluru,Gujarat Lions,Gujarat Lions,field,Royal Challengers Bengaluru,runs,144,N,Standard,249.0,20.0,AB de Villiers
980989,2016,2016-05-14,Kolkata,Eden Gardens,League,Kolkata Knight Riders,Rising Pune Supergiants,Rising Pune Supergiants,bat,Kolkata Knight Riders,wickets,8,N,D/L,66.0,9.0,YK Pathan
980991,2016,2016-05-15,Chandigarh,Punjab Cricket Association IS Bindra Stadium,League,Punjab Kings,Sunrisers Hyderabad,Punjab Kings,bat,Sunrisers Hyderabad,wickets,7,N,Standard,180.0,20.0,HM Amla
980993,2016,2016-05-15,Visakhapatnam,Dr. Y.S. Rajasekhara Reddy ACA-VDCA Cricket Stadium,League,Mumbai Indians,Delhi Capitals,Delhi Capitals,field,Mumbai Indians,runs,80,N,Standard,207.0,20.0,KH Pandya
980995,2016,2016-05-16,Kolkata,Eden Gardens,League,Kolkata Knight Riders,Royal Challengers Bengaluru,Royal Challengers Bengaluru,field,Royal Challengers Bengaluru,wickets,9,N,Standard,184.0,20.0,V Kohli
980997,2016,2016-05-17,Visakhapatnam,Dr. Y.S. Rajasekhara Reddy ACA-VDCA Cricket Stadium,League,Rising Pune Supergiants,Delhi Capitals,Rising Pune Supergiants,field,Rising Pune Supergiants,runs,19,N,D/L,58.0,11.0,AB Dinda
980999,2016,2016-05-18,Bengaluru,M Chinnaswamy Stadium,League,Royal Challengers Bengaluru,Punjab Kings,Punjab Kings,field,Royal Challengers Bengaluru,runs,82,N,D/L,203.0,14.0,V Kohli
981001,2016,2016-05-19,Kanpur,Green Park,League,Gujarat Lions,Kolkata Knight Riders,Gujarat Lions,field,Gujarat Lions,wickets,6,N,Standard,125.0,20.0,DR Smith
981003,2016,2016-05-20,Raipur,Shaheed Veer Narayan Singh International Stadium,League,Delhi Capitals,Sunrisers Hyderabad,Delhi Capitals,field,Delhi Capitals,wickets,6,N,Standard,159.0,20.0,KK Nair
981005,2016,2016-05-21,Visakhapatnam,Dr. Y.S. Rajasekhara Reddy ACA-VDCA Cricket Stadium,League,Rising Pune Supergiants,Punjab Kings,Punjab Kings,bat,Rising Pune Supergiants,wickets,4,N,Standard,173.0,20.0,MS Dhoni
981007,2016,2016-05-21,Kanpur,Green Park,League,Gujarat Lions,Mumbai Indians,Gujarat Lions,field,Gujarat Lions,wickets,6,N,Standard,173.0,20.0,SK Raina
981009,2016,2016-05-22,Kolkata,Eden Gardens,League,Kolkata Knight Riders,Sunrisers Hyderabad,Sunrisers Hyderabad,field,Kolkata Knight Riders,runs,22,N,Standard,172.0,20.0,YK Pathan
981011,2016,2016-05-22,Raipur,Shaheed Veer Narayan Singh International Stadium,League,Delhi Capitals,Royal Challengers Bengaluru,Royal Challengers Bengaluru,field,Royal Challengers Bengaluru,wickets,6,N,Standard,139.0,20.0,V Kohli
981013,2016,2016-05-24,Bengaluru,M Chinnaswamy Stadium,Qualifier 1,Gujarat Lions,Royal Challengers Bengaluru,Royal Challengers Bengaluru,field,Royal Challengers Bengaluru,wickets,4,N,Standard,159.0,20.0,AB de Villiers
981015,2016,2016-05-25,Delhi,Arun Jaitley Stadium,Elimination Final,Sunrisers Hyderabad,Kolkata Knight Riders,Kolkata Knight Riders,field,Sunrisers Hyderabad,runs,22,N,Standard,163.0,20.0,MC Henriques
981017,2016,2016-05-27,Delhi,Arun Jaitley Stadium,Qualifier 2,Gujarat Lions,Sunrisers Hyderabad,Sunrisers Hyderabad,field,Sunrisers Hyderabad,wickets,4,N,Standard,163.0,20.0,DA Warner
981019,2016,2016-05-29,Bengaluru,M Chinnaswamy Stadium,Final,Royal Challengers Bengaluru,Sunrisers Hyderabad,Sunrisers Hyderabad,bat,Sunrisers Hyderabad,runs,8,N,Standard,209.0,20.0,BCJ Cutting
1082591,2017,2017-04-05,Hyderabad,Rajiv Gandhi International Stadium,League,Sunrisers Hyderabad,Royal Challengers Bengaluru,Royal Challengers Bengaluru,field,Sunrisers Hyderabad,runs,35,N,Standard,208.0,20.0,Yuvraj Singh
1082592,2017,2017-04-06,Pune,Maharashtra Cricket Association Stadium,League,Rising Pune Supergiants,Mumbai Indians,Rising Pune Supergiants,field,Rising Pune Supergiants,wickets,7,N,Standard,185.0,20.0,SPD Smith
1082593,2017,2017-04-07,Rajkot,Saurashtra Cricket Association Stadium,League,Gujarat Lions,Kolkata Knight Riders,Kolkata Knight Riders,field,Kolkata Knight Riders,wickets,10,N,Standard,184.0,20.0,CA Lynn
1082594,2017,2017-04-08,Indore,Holkar Cricket Stadium,League,Punjab Kings,Rising Pune Supergiants,Punjab Kings,field,Punjab Kings,wickets,6,N,Standard,164.0,20.0,GJ Maxwell
1082595,2017,2017-04-08,Bengaluru,M Chinnaswamy Stadium,League,Royal Challengers Bengaluru,Delhi Capitals,Royal Challengers Bengaluru,bat,Royal Challengers Bengaluru,runs,15,N,Standard,158.0,20.0,KM Jadhav
1082596,2017,2017-04-09,Hyderabad,Rajiv Gandhi International Stadium,League,Sunrisers Hyderabad,Gujarat Lions,Sunrisers Hyderabad,field,Sunrisers Hyderabad,wickets,9,N,Standard,136.0,20.0,Rashid Khan
1082597,2017,2017-04-09,Mumbai,Wankhede Stadium,League,Mumbai Indians,Kolkata Knight Riders,Mumbai Indians,field,Mumbai Indians,wickets,4,N,Standard,179.0,20.0,N Rana
1082598,2017,2017-04-10,Indore,Holkar Cricket Stadium,League,Punjab Kings,Royal Challengers Bengaluru,Royal Challengers Bengaluru,bat,Punjab Kings,wickets,8,N,Standard,149.0,20.0,AR Patel
1082599,2017,2017-04-11,Pune,Maharashtra Cricket Association Stadium,League,Rising Pune Supergiants,Delhi Capitals,Rising Pune Supergiants,field,Delhi Capitals,runs,97,N,Standard,206.0,20.0,SV Samson
1082600,2017,2017-04-12,Mumbai,Wankhede Stadium,League,Mumbai Indians,Sunrisers Hyderabad,Mumbai Indians,field,Mumbai Indians,wickets,4,N,Standard,159.0,20.0,JJ Bumrah
1082601,2017,2017-04-13,Kolkata,Eden Gardens,League,Kolkata Knight Riders,Punjab Kings,Kolkata Knight Riders,field,Kolkata Knight Riders,wickets,8,N,Standard,171.0,20.0,SP Narine
1082602,2017,2017-04-14,Bengaluru,M Chinnaswamy Stadium,League,Royal Challengers Bengaluru,Mumbai Indians,Mumbai Indians,field,Mumbai Indians,wickets,4,N,Standard,143.0,20.0,KA Pollard
1082603,2017,2017-04-14,Rajkot,Saurashtra Cricket Association Stadium,League,Gujarat Lions,Rising Pune Supergiants,Gujarat Lions,field,Gujarat Lions,wickets,7,N,Standard,172.0,20.0,AJ Tye
1082604,2017,2017-04-15,Kolkata,Eden Gardens,League,Kolkata Knight Riders,Sunrisers Hyderabad,Sunrisers Hyderabad,field,Kolkata Knight Riders,runs,17,N,Standard,173.0,20.0,RV Uthappa
1082605,2017,2017-04-15,Delhi,Arun Jaitley Stadium,League,Delhi Capitals,Punjab Kings,Delhi Capitals,bat,Delhi Capitals,runs,51,N,Standard,189.0,20.0,CJ Anderson
1082606,2017,2017-04-16,Mumbai,Wankhede Stadium,League,Mumbai Indians,Gujarat Lions,Mumbai Indians,field,Mumbai Indians,wickets,6,N,Standard,177.0,20.0,N Rana
1082607,2017,2017-04-16,Bengaluru,M Chinnaswamy Stadium,League,Royal Challengers Bengaluru,Rising Pune Supergiants,Royal Challengers Bengaluru,field,Rising Pune Supergiants,runs,27,N,Standard,162.0,20.0,BA Stokes
1082608,2017,2017-04-17,Delhi,Arun Jaitley Stadium,League,Delhi Capitals,Kolkata Knight Riders,Delhi Capitals,bat,Kolkata Knight Riders,wickets,4,N,Standard,169.0,20.0,NM Coulter-Nile
1082609,2017,2017-04-17,Hyderabad,Rajiv Gandhi International Stadium,League,Sunrisers Hyderabad,Punjab Kings,Punjab Kings,field,Sunrisers Hyderabad,runs,5,N,Standard,160.0,20.0,B Kumar
1082610,2017,2017-04-18,Rajkot,Saurashtra Cricket Association Stadium,League,Gujarat Lions,Royal Challengers Bengaluru,Gujarat Lions,field,Royal Challengers Bengaluru,runs,21,N,Standard,214.0,20.0,CH Gayle
1082611,2017,2017-04-19,Hyderabad,Rajiv Gandhi International Stadium,League,Sunrisers Hyderabad,Delhi Capitals,Sunrisers Hyderabad,bat,Sunrisers Hyderabad,runs,15,N,Standard,192.0,20.0,KS Williamson
1082612,2017,2017-04-20,Indore,Holkar Cricket Stadium,League,Punjab Kings,Mumbai Indians,Mumbai Indians,field,Mumbai Indians,wickets,8,N,Standard,199.0,20.0,JC Buttler
1082613,2017,2017-04-21,Kolkata,Eden Gardens,League,Kolkata Knight Riders,Gujarat Lions,Gujarat Lions,field,Gujarat Lions,wickets,4,N,Standard,188.0,20.0,SK Raina
1082614,2017,2017-04-22,Mumbai,Wankhede Stadium,League,Mumbai Indians,Delhi Capitals,Delhi Capitals,field,Mumbai Indians,runs,14,N,Standard,143.0,20.0,MJ McClenaghan
1082615,2017,2017-04-22,Pune,Maharashtra Cricket Association Stadium,League,Rising Pune Supergiants,Sunrisers Hyderabad,Rising Pune Supergiants,field,Rising Pune Supergiants,wickets,6,N,Standard,177.0,20.0,MS Dhoni
1082616,2017,2017-04-23,Rajkot,Saurashtra Cricket Association Stadium,League,Gujarat Lions,Punjab Kings,Gujarat Lions,field,Punjab Kings,runs,26,N,Standard,189.0,20.0,HM Amla
1082617,2017,2017-04-23,Kolkata,Eden Gardens,League,Kolkata Knight Riders,Royal Challengers Bengaluru,Royal Challengers Bengaluru,field,Kolkata Knight Riders,runs,82,N,Standard,132.0,20.0,NM Coulter-Nile
1082618,2017,2017-04-24,Mumbai,Wankhede Stadium,League,Mumbai Indians,Rising Pune Supergiants,Mumbai Indians,field,Rising Pune Supergiants,runs,3,N,Standard,161.0,20.0,BA Stokes
1082620,2017,2017-04-26,Pune,Maharashtra Cricket Association Stadium,League,Rising Pune Supergiants,Kolkata Knight Riders,Kolkata Knight Riders,field,Kolkata Knight Riders,wickets,7,N,Standard,183.0,20.0,RV Uthappa
1082621,2017,2017-04-27,Bengaluru,M Chinnaswamy Stadium,League,Royal Challengers Bengaluru,Gujarat Lions,Gujarat Lions,field,Gujarat Lions,wickets,7,N,Standard,135.0,20.0,AJ Tye
1082622,2017,2017-04-28,Kolkata,Eden Gardens,League,Kolkata Knight Riders,Delhi Capitals,Kolkata Knight Riders,field,Kolkata Knight Riders,wickets,7,N,Standard,161.0,20.0,G Gambhir
1082623,2017,2017-04-28,Chandigarh,Punjab Cricket Association IS Bindra Stadium,League,Punjab Kings,Sunrisers Hyderabad,Punjab Kings,field,Sunrisers Hyderabad,runs,26,N,Standard,208.0,20.0,Rashid Khan
1082624,2017,2017-04-29,Pune,Maharashtra Cricket Association Stadium,League,Rising Pune Supergiants,Royal Challengers Bengaluru,Royal Challengers Bengaluru,field,Rising Pune Supergiants,runs,61,N,Standard,158.0,20.0,LH Ferguson
1082625,2017,2017-04-29,Rajkot,Saurashtra Cricket Association Stadium,League,Gujarat Lions,Mumbai Indians,Gujarat Lions,bat,Mumbai Indians,tie,0,Y,Standard,154.0,20.0,KH Pandya
1082626,2017,2017-04-30,Chandigarh,Punjab Cricket Association IS Bindra Stadium,League,Punjab Kings,Delhi Capitals,Punjab Kings,field,Punjab Kings,wickets,10,N,Standard,68.0,20.0,Sandeep Sharma
1082627,2017,2017-04-30,Hyderabad,Rajiv Gandhi International Stadium,League,Sunrisers Hyderabad,Kolkata Knight Riders,Kolkata Knight Riders,field,Sunrisers Hyderabad,runs,48,N,Standard,210.0,20.0,DA Warner
1082628,2017,2017-05-01,Mumbai,Wankhede Stadium,League,Mumbai Indians,Royal Challengers Bengaluru,Royal Challengers Bengaluru,bat,Mumbai Indians,wickets,5,N,Standard,163.0,20.0,RG Sharma
1082629,2017,2017-05-01,Pune,Maharashtra Cricket Association Stadium,League,Rising Pune Supergiants,Gujarat Lions,Rising Pune Supergiants,field,Rising Pune Supergiants,wickets,5,N,Standard,162.0,20.0,BA Stokes
1082630,2017,2017-05-02,Delhi,Arun Jaitley Stadium,League,Delhi Capitals,Sunrisers Hyderabad,Delhi Capitals,field,Delhi Capitals,wickets,6,N,Standard,186.0,20.0,Mohammed Shami
1082631,2017,2017-05-03,Kolkata,Eden Gardens,League,Kolkata Knight Riders,Rising Pune Supergiants,Rising Pune Supergiants,field,Rising Pune Supergiants,wickets,4,N,Standard,156.0,20.0,RA Tripathi
1082632,2017,2017-05-04,Delhi,Arun Jaitley Stadium,League,Delhi Capitals,Gujarat Lions,Delhi Capitals,field,Delhi Capitals,wickets,7,N,Standard,209.0,20.0,RR Pant
1082633,2017,2017-05-05,Bengaluru,M Chinnaswamy Stadium,League,Royal Challengers Bengaluru,Punjab Kings,Royal Challengers Bengaluru,field,Punjab Kings,runs,19,N,Standard,139.0,20.0,Sandeep Sharma
1082634,2017,2017-05-06,Hyderabad,Rajiv Gandhi International Stadium,League,Sunrisers Hyderabad,Rising Pune Supergiants,Sunrisers Hyderabad,field,Rising Pune Supergiants,runs,12,N,Standard,149.0,20.0,JD Unadkat
1082635,2017,2017-05-06,Delhi,Arun Jaitley Stadium,League,Delhi Capitals,Mumbai Indians,Delhi Capitals,field,Mumbai Indians,runs,146,N,Standard,213.0,20.0,LMP Simmons
1082636,2017,2017-05-07,Bengaluru,M Chinnaswamy Stadium,League,Royal Challengers Bengaluru,Kolkata Knight Riders,Kolkata Knight Riders,field,Kolkata Knight Riders,wickets,6,N,Standard,159.0,20.0,SP Narine
1082637,2017,2017-05-07,Chandigarh,Punjab Cricket Association IS Bindra Stadium,League,Punjab Kings,Gujarat Lions,Gujarat Lions,field,Gujarat Lions,wickets,6,N,Standard,190.0,20.0,DR Smith
1082638,2017,2017-05-08,Hyderabad,Rajiv Gandhi International Stadium,League,Sunrisers Hyderabad,Mumbai Indians,Mumbai Indians,bat,Sunrisers Hyderabad,wickets,7,N,Standard,139.0,20.0,S Dhawan
1082639,2017,2017-05-09,Chandigarh,Punjab Cricket Association IS Bindra Stadium,League,Punjab Kings,Kolkata Knight Riders,Kolkata Knight Riders,field,Punjab Kings,runs,14,N,Standard,168.0,20.0,MM Sharma
1082640,2017,2017-05-10,Kanpur,Green Park,League,Gujarat Lions,Delhi Capitals,Delhi Capitals,field,Delhi Capitals,wickets,2,N,Standard,196.0,20.0,SS Iyer
1082641,2017,2017-05-11,Mumbai,Wankhede Stadium,League,Mumbai Indians,Punjab Kings,Mumbai Indians,field,Punjab Kings,runs,7,N,Standard,231.0,20.0,WP Saha
1082642,2017,2017-05-12,Delhi,Arun Jaitley Stadium,League,Delhi Capitals,Rising Pune Supergiants,Delhi Capitals,bat,Delhi Capitals,runs,7,N,Standard,169.0,20.0,KK Nair
1082643,2017,2017-05-13,Kanpur,Green Park,League,Gujarat Lions,Sunrisers Hyderabad,Sunrisers Hyderabad,field,Sunrisers Hyderabad,wickets,8,N,Standard,155.0,20.0,Mohammed Siraj
1082644,2017,2017-05-13,Kolkata,Eden Gardens,League,Kolkata Knight Riders,Mumbai Indians,Kolkata Knight Riders,field,Mumbai Indians,runs,9,N,Standard,174.0,20.0,AT Rayudu
1082645,2017,2017-05-14,Pune,Maharashtra Cricket Association Stadium,League,Rising Pune Supergiants,Punjab Kings,Rising Pune Supergiants,field,Rising Pune Supergiants,wickets,9,N,Standard,74.0,20.0,JD Unadkat
1082646,2017,2017-05-14,Delhi,Arun Jaitley Stadium,League,Delhi Capitals,Royal Challengers Bengaluru,Royal Challengers Bengaluru,bat,Royal Challengers Bengaluru,runs,10,N,Standard,162.0,20.0,HV Patel
1082647,2017,2017-05-16,Mumbai,Wankhede Stadium,Qualifier 1,Mumbai Indians,Rising Pune Supergiants,Mumbai Indians,field,Rising Pune Supergiants,runs,20,N,Standard,163.0,20.0,Washington Sundar
1082648,2017,2017-05-17,Bengaluru,M Chinnaswamy Stadium,Eliminator,Sunrisers Hyderabad,Kolkata Knight Riders,Kolkata Knight Riders,field,Kolkata Knight Riders,wickets,7,N,D/L,48.0,6.0,NM Coulter-Nile
1082649,2017,2017-05-19,Bengaluru,M Chinnaswamy Stadium,Qualifier 2,Mumbai Indians,Kolkata Knight Riders,Mumbai Indians,field,Mumbai Indians,wickets,6,N,Standard,108.0,20.0,KV Sharma
1082650,2017,2017-05-21,Hyderabad,Rajiv Gandhi International Stadium,Final,Mumbai Indians,Rising Pune Supergiants,Mumbai Indians,bat,Mumbai Indians,runs,1,N,Standard,130.0,20.0,KH Pandya
1136561,2018,2018-04-07,Mumbai,Wankhede Stadium,League,Mumbai Indians,Chennai Super Kings,Chennai Super Kings,field,Chennai Super Kings,wickets,1,N,Standard,166.0,20.0,DJ Bravo
1136562,2018,2018-04-08,Chandigarh,Punjab Cricket Association IS Bindra Stadium,League,Delhi Capitals,Punjab Kings,Punjab Kings,field,Punjab Kings,wickets,6,N,Standard,167.0,20.0,KL Rahul
1136563,2018,2018-04-08,Kolkata,Eden Gardens,League,Royal Challengers Bengaluru,Kolkata Knight Riders,Kolkata Knight Riders,field,Kolkata Knight Riders,wickets,4,N,Standard,177.0,20.0,SP Narine
1136564,2018,2018-04-09,Hyderabad,Rajiv Gandhi International Stadium,League,Rajasthan Royals,Sunrisers Hyderabad,Sunrisers Hyderabad,field,Sunrisers Hyderabad,wickets,9,N,Standard,126.0,20.0,S Dhawan
1136565,2018,2018-04-10,Chennai,MA Chidambaram Stadium,League,Kolkata Knight Riders,Chennai Super Kings,Chennai Super Kings,field,Chennai Super Kings,wickets,5,N,Standard,203.0,20.0,SW Billings
1136566,2018,2018-04-11,Jaipur,Sawai Mansingh Stadium,League,Rajasthan Royals,Delhi Capitals,Delhi Capitals,field,Rajasthan Royals,runs,10,N,D/L,71.0,6.0,SV Samson
1136567,2018,2018-04-12,Hyderabad,Rajiv Gandhi International Stadium,League,Mumbai Indians,Sunrisers Hyderabad,Sunrisers Hyderabad,field,Sunrisers Hyderabad,wickets,1,N,Standard,148.0,20.0,Rashid Khan
1136568,2018,2018-04-13,Bengaluru,M Chinnaswamy Stadium,League,Punjab Kings,Royal Challengers Bengaluru,Royal Challengers Bengaluru,field,Royal Challengers Bengaluru,wickets,4,N,Standard,156.0,20.0,UT Yadav
1136569,2018,2018-04-14,Mumbai,Wankhede Stadium,League,Mumbai Indians,Delhi Capitals,Delhi Capitals,field,Delhi Capitals,wickets,7,N,Standard,195.0,20.0,JJ Roy
1136570,2018,2018-04-14,Kolkata,Eden Gardens,League,Kolkata Knight Riders,Sunrisers Hyderabad,Sunrisers Hyderabad,field,Sunrisers Hyderabad,wickets,5,N,Standard,139.0,20.0,B Stanlake
1136571,2018,2018-04-15,Bengaluru,M Chinnaswamy Stadium,League,Rajasthan Royals,Royal Challengers Bengaluru,Royal Challengers Bengaluru,field,Rajasthan Royals,runs,19,N,Standard,218.0,20.0,SV Samson
1136572,2018,2018-04-15,Chandigarh,Punjab Cricket Association IS Bindra Stadium,League,Punjab Kings,Chennai Super Kings,Chennai Super Kings,field,Punjab Kings,runs,4,N,Standard,198.0,20.0,CH Gayle
1136573,2018,2018-04-16,Kolkata,Eden Gardens,League,Kolkata Knight Riders,Delhi Capitals,Delhi Capitals,field,Kolkata Knight Riders,runs,71,N,Standard,201.0,20.0,N Rana
1136574,2018,2018-04-17,Mumbai,Wankhede Stadium,League,Mumbai Indians,Royal Challengers Bengaluru,Royal Challengers Bengaluru,field,Mumbai Indians,runs,46,N,Standard,214.0,20.0,RG Sharma
1136575,2018,2018-04-18,Jaipur,Sawai Mansingh Stadium,League,Rajasthan Royals,Kolkata Knight Riders,Kolkata Knight Riders,field,Kolkata Knight Riders,wickets,7,N,Standard,161.0,20.0,N Rana
1136576,2018,2018-04-19,Chandigarh,Punjab Cricket Association IS Bindra Stadium,League,Punjab Kings,Sunrisers Hyderabad,Punjab Kings,bat,Punjab Kings,runs,15,N,Standard,194.0,20.0,CH Gayle
1136577,2018,2018-04-20,Pune,Maharashtra Cricket Association Stadium,League,Chennai Super Kings,Rajasthan Royals,Rajasthan Royals,field,Chennai Super Kings,runs,64,N,Standard,205.0,20.0,SR Watson
1136578,2018,2018-04-21,Kolkata,Eden Gardens,League,Kolkata Knight Riders,Punjab Kings,Punjab Kings,field,Punjab Kings,wickets,9,N,D/L,125.0,13.0,KL Rahul
1136579,2018,2018-04-21,Bengaluru,M Chinnaswamy Stadium,League,Delhi Capitals,Royal Challengers Bengaluru,Royal Challengers Bengaluru,field,Royal Challengers Bengaluru,wickets,6,N,Standard,175.0,20.0,AB de Villiers
1136580,2018,2018-04-22,Hyderabad,Rajiv Gandhi International Stadium,League,Chennai Super Kings,Sunrisers Hyderabad,Sunrisers Hyderabad,field,Chennai Super Kings,runs,4,N,Standard,183.0,20.0,AT Rayudu
1136581,2018,2018-04-22,Jaipur,Sawai Mansingh Stadium,League,Mumbai Indians,Rajasthan Royals,Mumbai Indians,bat,Rajasthan Royals,wickets,3,N,Standard,168.0,20.0,JC Archer
1136582,2018,2018-04-23,Delhi,Arun Jaitley Stadium,League,Punjab Kings,Delhi Capitals,Delhi Capitals,field,Punjab Kings,runs,4,N,Standard,144.0,20.0,AS Rajpoot
1136583,2018,2018-04-24,Mumbai,Wankhede Stadium,League,Sunrisers Hyderabad,Mumbai Indians,Mumbai Indians,field,Sunrisers Hyderabad,runs,31,N,Standard,119.0,20.0,Rashid Khan
1136584,2018,2018-04-25,Bengaluru,M Chinnaswamy Stadium,League,Royal Challengers Bengaluru,Chennai Super Kings,Chennai Super Kings,field,Chennai Super Kings,wickets,5,N,Standard,206.0,20.0,MS Dhoni
1136585,2018,2018-04-26,Hyderabad,Rajiv Gandhi International Stadium,League,Sunrisers Hyderabad,Punjab Kings,Punjab Kings,field,Sunrisers Hyderabad,runs,13,N,Standard,133.0,20.0,AS Rajpoot
1136586,2018,2018-04-27,Delhi,Arun Jaitley Stadium,League,Delhi Capitals,Kolkata Knight Riders,Kolkata Knight Riders,field,Delhi Capitals,runs,55,N,Standard,220.0,20.0,SS Iyer
1136587,2018,2018-04-28,Pune,Maharashtra Cricket Association Stadium,League,Chennai Super Kings,Mumbai Indians,Mumbai Indians,field,Mumbai Indians,wickets,8,N,Standard,170.0,20.0,RG Sharma
1136588,2018,2018-04-29,Jaipur,Sawai Mansingh Stadium,League,Sunrisers Hyderabad,Rajasthan Royals,Sunrisers Hyderabad,bat,Sunrisers Hyderabad,runs,11,N,Standard,152.0,20.0,KS Williamson
1136589,2018,2018-04-29,Bengaluru,M Chinnaswamy Stadium,League,Royal Challengers Bengaluru,Kolkata Knight Riders,Kolkata Knight Riders,field,Kolkata Knight Riders,wickets,6,N,Standard,176.0,20.0,CA Lynn
1136590,2018,2018-04-30,Pune,Maharashtra Cricket Association Stadium,League,Chennai Super Kings,Delhi Capitals,Delhi Capitals,field,Chennai Super Kings,runs,13,N,Standard,212.0,20.0,SR Watson
1136591,2018,2018-05-01,Bengaluru,M Chinnaswamy Stadium,League,Royal Challengers Bengaluru,Mumbai Indians,Mumbai Indians,field,Royal Challengers Bengaluru,runs,14,N,Standard,168.0,20.0,TG Southee
1136592,2018,2018-05-02,Delhi,Arun Jaitley Stadium,League,Delhi Capitals,Rajasthan Royals,Rajasthan Royals,field,Delhi Capitals,runs,4,N,D/L,151.0,12.0,RR Pant
1136593,2018,2018-05-03,Kolkata,Eden Gardens,League,Chennai Super Kings,Kolkata Knight Riders,Kolkata Knight Riders,field,Kolkata Knight Riders,wickets,6,N,Standard,178.0,20.0,SP Narine
1136594,2018,2018-05-04,Indore,Holkar Cricket Stadium,League,Punjab Kings,Mumbai Indians,Mumbai Indians,field,Mumbai Indians,wickets,6,N,Standard,175.0,20.0,SA Yadav
1136595,2018,2018-05-05,Pune,Maharashtra Cricket Association Stadium,League,Royal Challengers Bengaluru,Chennai Super Kings,Chennai Super Kings,field,Chennai Super Kings,wickets,6,N,Standard,128.0,20.0,RA Jadeja
1136596,2018,2018-05-05,Hyderabad,Rajiv Gandhi International Stadium,League,Delhi Capitals,Sunrisers Hyderabad,Delhi Capitals,bat,Sunrisers Hyderabad,wickets,7,N,Standard,164.0,20.0,Rashid Khan
1136597,2018,2018-05-06,Mumbai,Wankhede Stadium,League,Mumbai Indians,Kolkata Knight Riders,Kolkata Knight Riders,field,Mumbai Indians,runs,13,N,Standard,182.0,20.0,HH Pandya
1136598,2018,2018-05-06,Indore,Holkar Cricket Stadium,League,Rajasthan Royals,Punjab Kings,Punjab Kings,field,Punjab Kings,wickets,6,N,Standard,153.0,20.0,Mujeeb Ur Rahman
1136599,2018,2018-05-07,Hyderabad,Rajiv Gandhi International Stadium,League,Sunrisers Hyderabad,Royal Challengers Bengaluru,Royal Challengers Bengaluru,field,Sunrisers Hyderabad,runs,5,N,Standard,147.0,20.0,KS Williamson
1136600,2018,2018-05-08,Jaipur,Sawai Mansingh Stadium,League,Rajasthan Royals,Punjab Kings,Rajasthan Royals,bat,Rajasthan Royals,runs,15,N,Standard,159.0,20.0,JC Buttler
1136601,2018,2018-05-09,Kolkata,Eden Gardens,League,Mumbai Indians,Kolkata Knight Riders,Kolkata Knight Riders,field,Mumbai Indians,runs,102,N,Standard,211.0,20.0,Ishan Kishan
1136602,2018,2018-05-10,Delhi,Arun Jaitley Stadium,League,Delhi Capitals,Sunrisers Hyderabad,Delhi Capitals,bat,Sunrisers Hyderabad,wickets,9,N,Standard,188.0,20.0,S Dhawan
1136603,2018,2018-05-11,Jaipur,Sawai Mansingh Stadium,League,Chennai Super Kings,Rajasthan Royals,Chennai Super Kings,bat,Rajasthan Royals,wickets,4,N,Standard,177.0,20.0,JC Buttler
1136604,2018,2018-05-12,Indore,Holkar Cricket Stadium,League,Kolkata Knight Riders,Punjab Kings,Punjab Kings,field,Kolkata Knight Riders,runs,31,N,Standard,246.0,20.0,SP Narine
1136605,2018,2018-05-12,Delhi,Arun Jaitley Stadium,League,Delhi Capitals,Royal Challengers Bengaluru,Royal Challengers Bengaluru,field,Royal Challengers Bengaluru,wickets,5,N,Standard,182.0,20.0,AB de Villiers
1136606,2018,2018-05-13,Pune,Maharashtra Cricket Association Stadium,League,Sunrisers Hyderabad,Chennai Super Kings,Chennai Super Kings,field,Chennai Super Kings,wickets,8,N,Standard,180.0,20.0,AT Rayudu
1136607,2018,2018-05-13,Mumbai,Wankhede Stadium,League,Mumbai Indians,Rajasthan Royals,Rajasthan Royals,field,Rajasthan Royals,wickets,7,N,Standard,169.0,20.0,JC Buttler
1136608,2018,2018-05-14,Indore,Holkar Cricket Stadium,League,Punjab Kings,Royal Challengers Bengaluru,Royal Challengers Bengaluru,field,Royal Challengers Bengaluru,wickets,10,N,Standard,89.0,20.0,UT Yadav
1136609,2018,2018-05-15,Kolkata,Eden Gardens,League,Rajasthan Royals,Kolkata Knight Riders,Kolkata Knight Riders,field,Kolkata Knight Riders,wickets,6,N,Standard,143.0,20.0,Kuldeep Yadav
1136610,2018,2018-05-16,Mumbai,Wankhede Stadium,League,Mumbai Indians,Punjab Kings,Punjab Kings,field,Mumbai Indians,runs,3,N,Standard,187.0,20.0,JJ Bumrah
1136611,2018,2018-05-17,Bengaluru,M Chinnaswamy Stadium,League,Royal Challengers Bengaluru,Sunrisers Hyderabad,Sunrisers Hyderabad,field,Royal Challengers Bengaluru,runs,14,N,Standard,219.0,20.0,AB de Villiers
1136612,2018,2018-05-18,Delhi,Arun Jaitley Stadium,League,Delhi Capitals,Chennai Super Kings,Chennai Super Kings,field,Delhi Capitals,runs,34,N,Standard,163.0,20.0,HV Patel
1136613,2018,2018-05-19,Jaipur,Sawai Mansingh Stadium,League,Rajasthan Royals,Royal Challengers Bengaluru,Rajasthan Royals,bat,Rajasthan Royals,runs,30,N,Standard,165.0,20.0,S Gopal
1136614,2018,2018-05-19,Hyderabad,Rajiv Gandhi International Stadium,League,Sunrisers Hyderabad,Kolkata Knight Riders,Sunrisers Hyderabad,bat,Kolkata Knight Riders,wickets,5,N,Standard,173.0,20.0,CA Lynn
1136615,2018,2018-05-20,Delhi,Arun Jaitley Stadium,League,Delhi Capitals,Mumbai Indians,Delhi Capitals,bat,Delhi Capitals,runs,11,N,Standard,175.0,20.0,A Mishra
1136616,2018,2018-05-20,Pune,Maharashtra Cricket Association Stadium,League,Punjab Kings,Chennai Super Kings,Chennai Super Kings,field,Chennai Super Kings,wickets,5,N,Standard,154.0,20.0,L Ngidi
1136617,2018,2018-05-22,Mumbai,Wankhede Stadium,Qualifier 1,Sunrisers Hyderabad,Chennai Super Kings,Chennai Super Kings,field,Chennai Super Kings,wickets,2,N,Standard,140.0,20.0,F du Plessis
1136618,2018,2018-05-23,Kolkata,Eden Gardens,Eliminator,Kolkata Knight Riders,Rajasthan Royals,Rajasthan Royals,field,Kolkata Knight Riders,runs,25,N,Standard,170.0,20.0,AD Russell
1136619,2018,2018-05-25,Kolkata,Eden Gardens,Qualifier 2,Sunrisers Hyderabad,Kolkata Knight Riders,Kolkata Knight Riders,field,Sunrisers Hyderabad,runs,14,N,Standard,175.0,20.0,Rashid Khan
1136620,2018,2018-05-27,Mumbai,Wankhede Stadium,Final,Sunrisers Hyderabad,Chennai Super Kings,Chennai Super Kings,field,Chennai Super Kings,wickets,8,N,Standard,179.0,20.0,SR Watson
1175356,2019,2019-03-23,Chennai,MA Chidambaram Stadium,League,Royal Challengers Bengaluru,Chennai Super Kings,Chennai Super Kings,field,Chennai Super Kings,wickets,7,N,Standard,71.0,20.0,Harbhajan Singh
1175357,2019,2019-03-24,Kolkata,Eden Gardens,League,Sunrisers Hyderabad,Kolkata Knight Riders,Kolkata Knight Riders,field,Kolkata Knight Riders,wickets,6,N,Standard,182.0,20.0,AD Russell
1175358,2019,2019-03-24,Mumbai,Wankhede Stadium,League,Delhi Capitals,Mumbai Indians,Mumbai Indians,field,Delhi Capitals,runs,37,N,Standard,214.0,20.0,RR Pant
1175359,2019,2019-03-25,Jaipur,Sawai Mansingh Stadium,League,Punjab Kings,Rajasthan Royals,Rajasthan Royals,field,Punjab Kings,runs,14,N,Standard,185.0,20.0,CH Gayle
1175360,2019,2019-03-26,Delhi,Arun Jaitley Stadium,League,Delhi Capitals,Chennai Super Kings,Delhi Capitals,bat,Chennai Super Kings,wickets,6,N,Standard,148.0,20.0,SR Watson
1175361,2019,2019-03-27,Kolkata,Eden Gardens,League,Kolkata Knight Riders,Punjab Kings,Punjab Kings,field,Kolkata Knight Riders,runs,28,N,Standard,219.0,20.0,AD Russell
1175362,2019,2019-03-28,Bengaluru,M Chinnaswamy Stadium,League,Mumbai Indians,Royal Challengers Bengaluru,Royal Challengers Bengaluru,field,Mumbai Indians,runs,6,N,Standard,188.0,20.0,JJ Bumrah
1175363,2019,2019-03-29,Hyderabad,Rajiv Gandhi International Stadium,League,Rajasthan Royals,Sunrisers Hyderabad,Rajasthan Royals,bat,Sunrisers Hyderabad,wickets,5,N,Standard,199.0,20.0,Rashid Khan
1175364,2019,2019-03-30,Chandigarh,Punjab Cricket Association IS Bindra Stadium,League,Mumbai Indians,Punjab Kings,Punjab Kings,field,Punjab Kings,wickets,8,N,Standard,177.0,20.0,MA Agarwal
1175365,2019,2019-03-30,Delhi,Arun Jaitley Stadium,League,Kolkata Knight Riders,Delhi Capitals,Delhi Capitals,field,Delhi Capitals,tie,0,Y,Standard,186.0,20.0,PP Shaw
1175366,2019,2019-03-31,Hyderabad,Rajiv Gandhi International Stadium,League,Sunrisers Hyderabad,Royal Challengers Bengaluru,Royal Challengers Bengaluru,field,Sunrisers Hyderabad,runs,118,N,Standard,232.0,20.0,JM Bairstow
1175367,2019,2019-03-31,Chennai,MA Chidambaram Stadium,League,Chennai Super Kings,Rajasthan Royals,Rajasthan Royals,field,Chennai Super Kings,runs,8,N,Standard,176.0,20.0,MS Dhoni
1175368,2019,2019-04-01,Chandigarh,Punjab Cricket Association IS Bindra Stadium,League,Punjab Kings,Delhi Capitals,Delhi Capitals,field,Punjab Kings,runs,14,N,Standard,167.0,20.0,SM Curran
1175369,2019,2019-04-02,Jaipur,Sawai Mansingh Stadium,League,Royal Challengers Bengaluru,Rajasthan Royals,Rajasthan Royals,field,Rajasthan Royals,wickets,7,N,Standard,159.0,20.0,S Gopal
1175370,2019,2019-04-03,Mumbai,Wankhede Stadium,League,Mumbai Indians,Chennai Super Kings,Chennai Super Kings,field,Mumbai Indians,runs,37,N,Standard,171.0,20.0,HH Pandya
1175371,2019,2019-04-04,Delhi,Arun Jaitley Stadium,League,Delhi Capitals,Sunrisers Hyderabad,Sunrisers Hyderabad,field,Sunrisers Hyderabad,wickets,5,N,Standard,130.0,20.0,JM Bairstow
1175372,2019,2019-04-05,Bengaluru,M Chinnaswamy Stadium,League,Royal Challengers Bengaluru,Kolkata Knight Riders,Kolkata Knight Riders,field,Kolkata Knight Riders,wickets,5,N,Standard,206.0,20.0,AD Russell
1178393,2019,2019-04-06,Chennai,MA Chidambaram Stadium,League,Chennai Super Kings,Punjab Kings,Chennai Super Kings,bat,Chennai Super Kings,runs,22,N,Standard,161.0,20.0,Harbhajan Singh
1178394,2019,2019-04-06,Hyderabad,Rajiv Gandhi International Stadium,League,Mumbai Indians,Sunrisers Hyderabad,Sunrisers Hyderabad,field,Mumbai Indians,runs,40,N,Standard,137.0,20.0,AS Joseph
1178395,2019,2019-04-07,Bengaluru,M Chinnaswamy Stadium,League,Royal Challengers Bengaluru,Delhi Capitals,Delhi Capitals,field,Delhi Capitals,wickets,4,N,Standard,150.0,20.0,K Rabada
1178396,2019,2019-04-07,Jaipur,Sawai Mansingh Stadium,League,Rajasthan Royals,Kolkata Knight Riders,Kolkata Knight Riders,field,Kolkata Knight Riders,wickets,8,N,Standard,140.0,20.0,HF Gurney
1178397,2019,2019-04-08,Chandigarh,Punjab Cricket Association IS Bindra Stadium,League,Sunrisers Hyderabad,Punjab Kings,Punjab Kings,field,Punjab Kings,wickets,6,N,Standard,151.0,20.0,KL Rahul
1178398,2019,2019-04-09,Chennai,MA Chidambaram Stadium,League,Kolkata Knight Riders,Chennai Super Kings,Chennai Super Kings,field,Chennai Super Kings,wickets,7,N,Standard,109.0,20.0,DL Chahar
1178399,2019,2019-04-10,Mumbai,Wankhede Stadium,League,Punjab Kings,Mumbai Indians,Mumbai Indians,field,Mumbai Indians,wickets,3,N,Standard,198.0,20.0,KA Pollard
1178400,2019,2019-04-11,Jaipur,Sawai Mansingh Stadium,League,Rajasthan Royals,Chennai Super Kings,Chennai Super Kings,field,Chennai Super Kings,wickets,4,N,Standard,152.0,20.0,MS Dhoni
1178401,2019,2019-04-12,Kolkata,Eden Gardens,League,Kolkata Knight Riders,Delhi Capitals,Delhi Capitals,field,Delhi Capitals,wickets,7,N,Standard,179.0,20.0,S Dhawan
1178402,2019,2019-04-13,Mumbai,Wankhede Stadium,League,Mumbai Indians,Rajasthan Royals,Rajasthan Royals,field,Rajasthan Royals,wickets,4,N,Standard,188.0,20.0,JC Buttler
1178403,2019,2019-04-13,Chandigarh,Punjab Cricket Association IS Bindra Stadium,League,Punjab Kings,Royal Challengers Bengaluru,Royal Challengers Bengaluru,field,Royal Challengers Bengaluru,wickets,8,N,Standard,174.0,20.0,AB de Villiers
1178404,2019,2019-04-14,Kolkata,Eden Gardens,League,Kolkata Knight Riders,Chennai Super Kings,Chennai Super Kings,field,Chennai Super Kings,wickets,5,N,Standard,162.0,20.0,Imran Tahir
1178405,2019,2019-04-14,Hyderabad,Rajiv Gandhi International Stadium,League,Delhi Capitals,Sunrisers Hyderabad,Sunrisers Hyderabad,field,Delhi Capitals,runs,39,N,Standard,156.0,20.0,KMA Paul
1178406,2019,2019-04-15,Mumbai,Wankhede Stadium,League,Royal Challengers Bengaluru,Mumbai Indians,Mumbai Indians,field,Mumbai Indians,wickets,5,N,Standard,172.0,20.0,SL Malinga
1178407,2019,2019-04-16,Chandigarh,Punjab Cricket Association IS Bindra Stadium,League,Punjab Kings,Rajasthan Royals,Rajasthan Royals,field,Punjab Kings,runs,12,N,Standard,183.0,20.0,R Ashwin
1178408,2019,2019-04-17,Hyderabad,Rajiv Gandhi International Stadium,League,Chennai Super Kings,Sunrisers Hyderabad,Chennai Super Kings,bat,Sunrisers Hyderabad,wickets,6,N,Standard,133.0,20.0,DA Warner
1178409,2019,2019-04-18,Delhi,Arun Jaitley Stadium,League,Mumbai Indians,Delhi Capitals,Mumbai Indians,bat,Mumbai Indians,runs,40,N,Standard,169.0,20.0,HH Pandya
1178410,2019,2019-04-19,Kolkata,Eden Gardens,League,Royal Challengers Bengaluru,Kolkata Knight Riders,Kolkata Knight Riders,field,Royal Challengers Bengaluru,runs,10,N,Standard,214.0,20.0,V Kohli
1178411,2019,2019-04-20,Jaipur,Sawai Mansingh Stadium,League,Mumbai Indians,Rajasthan Royals,Rajasthan Royals,field,Rajasthan Royals,wickets,5,N,Standard,162.0,20.0,SPD Smith
1178412,2019,2019-04-20,Delhi,Arun Jaitley Stadium,League,Punjab Kings,Delhi Capitals,Delhi Capitals,field,Delhi Capitals,wickets,5,N,Standard,164.0,20.0,SS Iyer
1178413,2019,2019-04-21,Hyderabad,Rajiv Gandhi International Stadium,League,Kolkata Knight Riders,Sunrisers Hyderabad,Sunrisers Hyderabad,field,Sunrisers Hyderabad,wickets,9,N,Standard,160.0,20.0,KK Ahmed
1178414,2019,2019-04-21,Bengaluru,M Chinnaswamy Stadium,League,Royal Challengers Bengaluru,Chennai Super Kings,Chennai Super Kings,field,Royal Challengers Bengaluru,runs,1,N,Standard,162.0,20.0,PA Patel
1178415,2019,2019-04-22,Jaipur,Sawai Mansingh Stadium,League,Rajasthan Royals,Delhi Capitals,Delhi Capitals,field,Delhi Capitals,wickets,6,N,Standard,192.0,20.0,RR Pant
1178416,2019,2019-04-23,Chennai,MA Chidambaram Stadium,League,Sunrisers Hyderabad,Chennai Super Kings,Chennai Super Kings,field,Chennai Super Kings,wickets,6,N,Standard,176.0,20.0,SR Watson
1178417,2019,2019-04-24,Bengaluru,M Chinnaswamy Stadium,League,Royal Challengers Bengaluru,Punjab Kings,Punjab Kings,field,Royal Challengers Bengaluru,runs,17,N,Standard,203.0,20.0,AB de Villiers
1178418,2019,2019-04-25,Kolkata,Eden Gardens,League,Kolkata Knight Riders,Rajasthan Royals,Rajasthan Royals,field,Rajasthan Royals,wickets,3,N,Standard,176.0,20.0,VR Aaron
1178419,2019,2019-04-26,Chennai,MA Chidambaram Stadium,League,Mumbai Indians,Chennai Super Kings,Chennai Super Kings,field,Mumbai Indians,runs,46,N,Standard,156.0,20.0,RG Sharma
1178420,2019,2019-04-27,Jaipur,Sawai Mansingh Stadium,League,Sunrisers Hyderabad,Rajasthan Royals,Rajasthan Royals,field,Rajasthan Royals,wickets,7,N,Standard,161.0,20.0,JD Unadkat
1178421,2019,2019-04-28,Delhi,Arun Jaitley Stadium,League,Delhi Capitals,Royal Challengers Bengaluru,Delhi Capitals,bat,Delhi Capitals,runs,16,N,Standard,188.0,20.0,S Dhawan
1178422,2019,2019-04-28,Kolkata,Eden Gardens,League,Kolkata Knight Riders,Mumbai Indians,Mumbai Indians,field,Kolkata Knight Riders,runs,34,N,Standard,233.0,20.0,AD Russell
1178423,2019,2019-04-29,Hyderabad,Rajiv Gandhi International Stadium,League,Sunrisers Hyderabad,Punjab Kings,Punjab Kings,field,Sunrisers Hyderabad,runs,45,N,Standard,213.0,20.0,DA Warner
1178424,2019,2019-04-30,Bengaluru,M Chinnaswamy Stadium,League,Royal Challengers Bengaluru,Rajasthan Royals,Rajasthan Royals,field,,no result,0,N,Standard,63.0,5.0,
1178425,2019,2019-05-01,Chennai,MA Chidambaram Stadium,League,Chennai Super Kings,Delhi Capitals,Delhi Capitals,field,Chennai Super Kings,runs,80,N,Standard,180.0,20.0,MS Dhoni
1178426,2019,2019-05-02,Mumbai,Wankhede Stadium,League,Mumbai Indians,Sunrisers Hyderabad,Mumbai Indians,bat,Mumbai Indians,tie,0,Y,Standard,163.0,20.0,JJ Bumrah
1178427,2019,2019-05-03,Chandigarh,Punjab Cricket Association IS Bindra Stadium,League,Punjab Kings,Kolkata Knight Riders,Kolkata Knight Riders,field,Kolkata Knight Riders,wickets,7,N,Standard,184.0,20.0,Shubman Gill
1178428,2019,2019-05-04,Delhi,Arun Jaitley Stadium,League,Rajasthan Royals,Delhi Capitals,Rajasthan Royals,bat,Delhi Capitals,wickets,5,N,Standard,116.0,20.0,A Mishra
1178429,2019,2019-05-04,Bengaluru,M Chinnaswamy Stadium,League,Sunrisers Hyderabad,Royal Challengers Bengaluru,Royal Challengers Bengaluru,field,Royal Challengers Bengaluru,wickets,4,N,Standard,176.0,20.0,SO Hetmyer
1178430,2019,2019-05-05,Chandigarh,Punjab Cricket Association IS Bindra Stadium,League,Chennai Super Kings,Punjab Kings,Punjab Kings,field,Punjab Kings,wickets,6,N,Standard,171.0,20.0,KL Rahul
1178431,2019,2019-05-05,Mumbai,Wankhede Stadium,League,Kolkata Knight Riders,Mumbai Indians,Mumbai Indians,field,Mumbai Indians,wickets,9,N,Standard,134.0,20.0,HH Pandya
1181764,2019,2019-05-07,Chennai,MA Chidambaram Stadium,Qualifier 1,Chennai Super Kings,Mumbai Indians,Chennai Super Kings,bat,Mumbai Indians,wickets,6,N,Standard,132.0,20.0,SA Yadav
1181766,2019,2019-05-08,Visakhapatnam,Dr. Y.S. Rajasekhara Reddy ACA-VDCA Cricket Stadium,Eliminator,Sunrisers Hyderabad,Delhi Capitals,Delhi Capitals,field,Delhi Capitals,wickets,2,N,Standard,163.0,20.0,RR Pant
1181767,2019,2019-05-10,Visakhapatnam,Dr. Y.S. Rajasekhara Reddy ACA-VDCA Cricket Stadium,Qualifier 2,Delhi Capitals,Chennai Super Kings,Chennai Super Kings,field,Chennai Super Kings,wickets,6,N,Standard,148.0,20.0,F du Plessis
1181768,2019,2019-05-12,Hyderabad,Rajiv Gandhi International Stadium,Final,Mumbai Indians,Chennai Super Kings,Mumbai Indians,bat,Mumbai Indians,runs,1,N,Standard,150.0,20.0,JJ Bumrah
1216492,2020,2020-09-19,Abu Dhabi,Zayed Cricket Stadium,League,Mumbai Indians,Chennai Super Kings,Chennai Super Kings,field,Chennai Super Kings,wickets,5,N,Standard,163.0,20.0,AT Rayudu
1216493,2020,2020-09-20,Dubai,Dubai International Cricket Stadium,League,Delhi Capitals,Punjab Kings,Punjab Kings,field,Delhi Capitals,tie,0,Y,Standard,158.0,20.0,MP Stoinis
1216494,2020,2020-10-21,Abu Dhabi,Zayed Cricket Stadium,League,Kolkata Knight Riders,Royal Challengers Bengaluru,Kolkata Knight Riders,bat,Royal Challengers Bengaluru,wickets,8,N,Standard,85.0,20.0,Mohammed Siraj
1216495,2020,2020-11-03,Sharjah,Sharjah Cricket Stadium,League,Mumbai Indians,Sunrisers Hyderabad,Sunrisers Hyderabad,field,Sunrisers Hyderabad,wickets,10,N,Standard,150.0,20.0,S Nadeem
1216496,2020,2020-09-22,Sharjah,Sharjah Cricket Stadium,League,Rajasthan Royals,Chennai Super Kings,Chennai Super Kings,field,Rajasthan Royals,runs,16,N,Standard,217.0,20.0,SV Samson
1216497,2020,2020-10-24,Abu Dhabi,Zayed Cricket Stadium,League,Kolkata Knight Riders,Delhi Capitals,Delhi Capitals,field,Kolkata Knight Riders,runs,59,N,Standard,195.0,20.0,CV Varun
1216498,2020,2020-10-24,Dubai,Dubai International Cricket Stadium,League,Punjab Kings,Sunrisers Hyderabad,Sunrisers Hyderabad,field,Punjab Kings,runs,12,N,Standard,127.0,20.0,CJ Jordan
1216499,2020,2020-10-28,Abu Dhabi,Zayed Cricket Stadium,League,Royal Challengers Bengaluru,Mumbai Indians,Mumbai Indians,field,Mumbai Indians,wickets,5,N,Standard,165.0,20.0,SA Yadav
1216500,2020,2020-10-09,Sharjah,Sharjah Cricket Stadium,League,Delhi Capitals,Rajasthan Royals,Rajasthan Royals,field,Delhi Capitals,runs,46,N,Standard,185.0,20.0,R Ashwin
1216501,2020,2020-10-07,Abu Dhabi,Zayed Cricket Stadium,League,Kolkata Knight Riders,Chennai Super Kings,Kolkata Knight Riders,bat,Kolkata Knight Riders,runs,10,N,Standard,168.0,20.0,RA Tripathi
1216502,2020,2020-10-31,Sharjah,Sharjah Cricket Stadium,League,Royal Challengers Bengaluru,Sunrisers Hyderabad,Sunrisers Hyderabad,field,Sunrisers Hyderabad,wickets,5,N,Standard,121.0,20.0,Sandeep Sharma
1216503,2020,2020-10-01,Abu Dhabi,Zayed Cricket Stadium,League,Mumbai Indians,Punjab Kings,Punjab Kings,field,Mumbai Indians,runs,48,N,Standard,192.0,20.0,KA Pollard
1216504,2020,2020-09-30,Dubai,Dubai International Cricket Stadium,League,Kolkata Knight Riders,Rajasthan Royals,Rajasthan Royals,field,Kolkata Knight Riders,runs,37,N,Standard,175.0,20.0,Shivam Mavi
1216505,2020,2020-11-02,Abu Dhabi,Zayed Cricket Stadium,League,Royal Challengers Bengaluru,Delhi Capitals,Delhi Capitals,field,Delhi Capitals,wickets,6,N,Standard,153.0,20.0,A Nortje
1216506,2020,2020-11-01,Abu Dhabi,Zayed Cricket Stadium,League,Punjab Kings,Chennai Super Kings,Chennai Super Kings,field,Chennai Super Kings,wickets,9,N,Standard,154.0,20.0,RD Gaikwad
1216507,2020,2020-10-11,Dubai,Dubai International Cricket Stadium,League,Sunrisers Hyderabad,Rajasthan Royals,Sunrisers Hyderabad,bat,Rajasthan Royals,wickets,5,N,Standard,159.0,20.0,R Tewatia
1216508,2020,2020-09-23,Abu Dhabi,Zayed Cricket Stadium,League,Mumbai Indians,Kolkata Knight Riders,Kolkata Knight Riders,field,Mumbai Indians,runs,49,N,Standard,196.0,20.0,RG Sharma
1216509,2020,2020-10-17,Sharjah,Sharjah Cricket Stadium,League,Chennai Super Kings,Delhi Capitals,Chennai Super Kings,bat,Delhi Capitals,wickets,5,N,Standard,180.0,20.0,S Dhawan
1216510,2020,2020-09-24,Dubai,Dubai International Cricket Stadium,League,Punjab Kings,Royal Challengers Bengaluru,Royal Challengers Bengaluru,field,Punjab Kings,runs,97,N,Standard,207.0,20.0,KL Rahul
1216511,2020,2020-10-06,Abu Dhabi,Zayed Cricket Stadium,League,Mumbai Indians,Rajasthan Royals,Mumbai Indians,bat,Mumbai Indians,runs,57,N,Standard,194.0,20.0,SA Yadav
1216512,2020,2020-10-18,Abu Dhabi,Zayed Cricket Stadium,League,Kolkata Knight Riders,Sunrisers Hyderabad,Sunrisers Hyderabad,field,Kolkata Knight Riders,tie,0,Y,Standard,164.0,20.0,LH Ferguson
1216513,2020,2020-10-04,Dubai,Dubai International Cricket Stadium,League,Punjab Kings,Chennai Super Kings,Punjab Kings,bat,Chennai Super Kings,wickets,10,N,Standard,179.0,20.0,SR Watson
1216514,2020,2020-10-03,Abu Dhabi,Zayed Cricket Stadium,League,Rajasthan Royals,Royal Challengers Bengaluru,Rajasthan Royals,bat,Royal Challengers Bengaluru,wickets,8,N,Standard,155.0,20.0,YS Chahal
1216515,2020,2020-10-03,Sharjah,Sharjah Cricket Stadium,League,Delhi Capitals,Kolkata Knight Riders,Kolkata Knight Riders,field,Delhi Capitals,runs,18,N,Standard,229.0,20.0,SS Iyer
1216516,2020,2020-10-02,Dubai,Dubai International Cricket Stadium,League,Sunrisers Hyderabad,Chennai Super Kings,Sunrisers Hyderabad,bat,Sunrisers Hyderabad,runs,7,N,Standard,165.0,20.0,PK Garg
1216517,2020,2020-10-18,Dubai,Dubai International Cricket Stadium,League,Mumbai Indians,Punjab Kings,Mumbai Indians,bat,Punjab Kings,tie,0,Y,Standard,177.0,20.0,KL Rahul
1216518,2020,2020-10-22,Dubai,Dubai International Cricket Stadium,League,Rajasthan Royals,Sunrisers Hyderabad,Sunrisers Hyderabad,field,Sunrisers Hyderabad,wickets,8,N,Standard,155.0,20.0,MK Pandey
1216519,2020,2020-10-05,Dubai,Dubai International Cricket Stadium,League,Delhi Capitals,Royal Challengers Bengaluru,Royal Challengers Bengaluru,field,Delhi Capitals,runs,59,N,Standard,197.0,20.0,AR Patel
1216520,2020,2020-10-26,Sharjah,Sharjah Cricket Stadium,League,Kolkata Knight Riders,Punjab Kings,Punjab Kings,field,Punjab Kings,wickets,8,N,Standard,150.0,20.0,CH Gayle
1216521,2020,2020-10-23,Sharjah,Sharjah Cricket Stadium,League,Chennai Super Kings,Mumbai Indians,Mumbai Indians,field,Mumbai Indians,wickets,10,N,Standard,115.0,20.0,TA Boult
1216522,2020,2020-10-17,Dubai,Dubai International Cricket Stadium,League,Rajasthan Royals,Royal Challengers Bengaluru,Rajasthan Royals,bat,Royal Challengers Bengaluru,wickets,7,N,Standard,178.0,20.0,AB de Villiers
1216523,2020,2020-10-10,Abu Dhabi,Zayed Cricket Stadium,League,Kolkata Knight Riders,Punjab Kings,Kolkata Knight Riders,bat,Kolkata Knight Riders,runs,2,N,Standard,165.0,20.0,KD Karthik
1216524,2020,2020-10-27,Dubai,Dubai International Cricket Stadium,League,Sunrisers Hyderabad,Delhi Capitals,Delhi Capitals,field,Sunrisers Hyderabad,runs,88,N,Standard,220.0,20.0,WP Saha
1216525,2020,2020-10-10,Dubai,Dubai International Cricket Stadium,League,Royal Challengers Bengaluru,Chennai Super Kings,Royal Challengers Bengaluru,bat,Royal Challengers Bengaluru,runs,37,N,Standard,170.0,20.0,V Kohli
1216526,2020,2020-10-16,Abu Dhabi,Zayed Cricket Stadium,League,Kolkata Knight Riders,Mumbai Indians,Kolkata Knight Riders,bat,Mumbai Indians,wickets,8,N,Standard,149.0,20.0,Q de Kock
1216527,2020,2020-09-27,Sharjah,Sharjah Cricket Stadium,League,Punjab Kings,Rajasthan Royals,Rajasthan Royals,field,Rajasthan Royals,wickets,4,N,Standard,224.0,20.0,SV Samson
1216528,2020,2020-10-13,Dubai,Dubai International Cricket Stadium,League,Chennai Super Kings,Sunrisers Hyderabad,Chennai Super Kings,bat,Chennai Super Kings,runs,20,N,Standard,168.0,20.0,RA Jadeja
1216529,2020,2020-10-11,Abu Dhabi,Zayed Cricket Stadium,League,Delhi Capitals,Mumbai Indians,Delhi Capitals,bat,Mumbai Indians,wickets,5,N,Standard,163.0,20.0,Q de Kock
1216530,2020,2020-11-01,Dubai,Dubai International Cricket Stadium,League,Kolkata Knight Riders,Rajasthan Royals,Rajasthan Royals,field,Kolkata Knight Riders,runs,60,N,Standard,192.0,20.0,PJ Cummins
1216531,2020,2020-10-15,Sharjah,Sharjah Cricket Stadium,League,Royal Challengers Bengaluru,Punjab Kings,Royal Challengers Bengaluru,bat,Punjab Kings,wickets,8,N,Standard,172.0,20.0,KL Rahul
1216532,2020,2020-09-29,Abu Dhabi,Zayed Cricket Stadium,League,Sunrisers Hyderabad,Delhi Capitals,Delhi Capitals,field,Sunrisers Hyderabad,runs,15,N,Standard,163.0,20.0,Rashid Khan
1216533,2020,2020-10-19,Abu Dhabi,Zayed Cricket Stadium,League,Chennai Super Kings,Rajasthan Royals,Chennai Super Kings,bat,Rajasthan Royals,wickets,7,N,Standard,126.0,20.0,JC Buttler
1216534,2020,2020-09-21,Dubai,Dubai International Cricket Stadium,League,Royal Challengers Bengaluru,Sunrisers Hyderabad,Sunrisers Hyderabad,field,Royal Challengers Bengaluru,runs,10,N,Standard,164.0,20.0,YS Chahal
1216535,2020,2020-10-31,Dubai,Dubai International Cricket Stadium,League,Delhi Capitals,Mumbai Indians,Mumbai Indians,field,Mumbai Indians,wickets,9,N,Standard,111.0,20.0,Ishan Kishan
1216536,2020,2020-10-29,Dubai,Dubai International Cricket Stadium,League,Kolkata Knight Riders,Chennai Super Kings,Chennai Super Kings,field,Chennai Super Kings,wickets,6,N,Standard,173.0,20.0,RD Gaikwad
1216537,2020,2020-10-30,Abu Dhabi,Zayed Cricket Stadium,League,Punjab Kings,Rajasthan Royals,Rajasthan Royals,field,Rajasthan Royals,wickets,7,N,Standard,186.0,20.0,BA Stokes
1216538,2020,2020-10-04,Sharjah,Sharjah Cricket Stadium,League,Mumbai Indians,Sunrisers Hyderabad,Mumbai Indians,bat,Mumbai Indians,runs,34,N,Standard,209.0,20.0,TA Boult
1216539,2020,2020-09-25,Dubai,Dubai International Cricket Stadium,League,Delhi Capitals,Chennai Super Kings,Chennai Super Kings,field,Delhi Capitals,runs,44,N,Standard,176.0,20.0,PP Shaw
1216540,2020,2020-10-12,Sharjah,Sharjah Cricket Stadium,League,Royal Challengers Bengaluru,Kolkata Knight Riders,Royal Challengers Bengaluru,bat,Royal Challengers Bengaluru,runs,82,N,Standard,195.0,20.0,AB de Villiers
1216541,2020,2020-10-25,Abu Dhabi,Zayed Cricket Stadium,League,Mumbai Indians,Rajasthan Royals,Mumbai Indians,bat,Rajasthan Royals,wickets,8,N,Standard,196.0,20.0,BA Stokes
1216542,2020,2020-10-08,Dubai,Dubai International Cricket Stadium,League,Sunrisers Hyderabad,Punjab Kings,Sunrisers Hyderabad,bat,Sunrisers Hyderabad,runs,69,N,Standard,202.0,20.0,JM Bairstow
1216543,2020,2020-10-14,Dubai,Dubai International Cricket Stadium,League,Delhi Capitals,Rajasthan Royals,Delhi Capitals,bat,Delhi Capitals,runs,13,N,Standard,162.0,20.0,A Nortje
1216544,2020,2020-10-25,Dubai,Dubai International Cricket Stadium,League,Royal Challengers Bengaluru,Chennai Super Kings,Royal Challengers Bengaluru,bat,Chennai Super Kings,wickets,8,N,Standard,146.0,20.0,RD Gaikwad
1216545,2020,2020-09-26,Abu Dhabi,Zayed Cricket Stadium,League,Sunrisers Hyderabad,Kolkata Knight Riders,Sunrisers Hyderabad,bat,Kolkata Knight Riders,wickets,7,N,Standard,143.0,20.0,Shubman Gill
1216546,2020,2020-10-20,Dubai,Dubai International Cricket Stadium,League,Delhi Capitals,Punjab Kings,Delhi Capitals,bat,Punjab Kings,wickets,5,N,Standard,165.0,20.0,S Dhawan
1216547,2020,2020-09-28,Dubai,Dubai International Cricket Stadium,League,Royal Challengers Bengaluru,Mumbai Indians,Mumbai Indians,field,Royal Challengers Bengaluru,tie,0,Y,Standard,202.0,20.0,AB de Villiers
1237177,2020,2020-11-05,Dubai,Dubai International Cricket Stadium,Qualifier 1,Mumbai Indians,Delhi Capitals,Delhi Capitals,field,Mumbai Indians,runs,57,N,Standard,201.0,20.0,JJ Bumrah
1237178,2020,2020-11-06,Abu Dhabi,Zayed Cricket Stadium,Eliminator,Royal Challengers Bengaluru,Sunrisers Hyderabad,Sunrisers Hyderabad,field,Sunrisers Hyderabad,wickets,6,N,Standard,132.0,20.0,KS Williamson
1237180,2020,2020-11-08,Abu Dhabi,Zayed Cricket Stadium,Qualifier 2,Delhi Capitals,Sunrisers Hyderabad,Delhi Capitals,bat,Delhi Capitals,runs,17,N,Standard,190.0,20.0,MP Stoinis
1237181,2020,2020-11-10,Dubai,Dubai International Cricket Stadium,Final,Delhi Capitals,Mumbai Indians,Delhi Capitals,bat,Mumbai Indians,wickets,5,N,Standard,157.0,20.0,TA Boult
1254058,2021,2021-04-09,Chennai,MA Chidambaram Stadium,League,Mumbai Indians,Royal Challengers Bengaluru,Royal Challengers Bengaluru,field,Royal Challengers Bengaluru,wickets,2,N,Standard,160.0,20.0,HV Patel
1254059,2021,2021-04-10,Mumbai,Wankhede Stadium,League,Chennai Super Kings,Delhi Capitals,Delhi Capitals,field,Delhi Capitals,wickets,7,N,Standard,189.0,20.0,S Dhawan
1254060,2021,2021-04-11,Chennai,MA Chidambaram Stadium,League,Kolkata Knight Riders,Sunrisers Hyderabad,Sunrisers Hyderabad,field,Kolkata Knight Riders,runs,10,N,Standard,188.0,20.0,N Rana
1254061,2021,2021-04-12,Mumbai,Wankhede Stadium,League,Punjab Kings,Rajasthan Royals,Rajasthan Royals,field,Punjab Kings,runs,4,N,Standard,222.0,20.0,SV Samson
1254062,2021,2021-04-13,Chennai,MA Chidambaram Stadium,League,Mumbai Indians,Kolkata Knight Riders,Kolkata Knight Riders,field,Mumbai Indians,runs,10,N,Standard,153.0,20.0,RD Chahar
1254063,2021,2021-04-14,Chennai,MA Chidambaram Stadium,League,Royal Challengers Bengaluru,Sunrisers Hyderabad,Sunrisers Hyderabad,field,Royal Challengers Bengaluru,runs,6,N,Standard,150.0,20.0,GJ Maxwell
1254064,2021,2021-04-15,Mumbai,Wankhede Stadium,League,Delhi Capitals,Rajasthan Royals,Rajasthan Royals,field,Rajasthan Royals,wickets,3,N,Standard,148.0,20.0,JD Unadkat
1254065,2021,2021-04-16,Mumbai,Wankhede Stadium,League,Punjab Kings,Chennai Super Kings,Chennai Super Kings,field,Chennai Super Kings,wickets,6,N,Standard,107.0,20.0,DL Chahar
1254066,2021,2021-04-17,Chennai,MA Chidambaram Stadium,League,Mumbai Indians,Sunrisers Hyderabad,Mumbai Indians,bat,Mumbai Indians,runs,13,N,Standard,151.0,20.0,KA Pollard
1254067,2021,2021-04-18,Chennai,MA Chidambaram Stadium,League,Royal Challengers Bengaluru,Kolkata Knight Riders,Royal Challengers Bengaluru,bat,Royal Challengers Bengaluru,runs,38,N,Standard,205.0,20.0,AB de Villiers
1254068,2021,2021-04-18,Mumbai,Wankhede Stadium,League,Punjab Kings,Delhi Capitals,Delhi Capitals,field,Delhi Capitals,wickets,6,N,Standard,196.0,20.0,S Dhawan
1254069,2021,2021-04-19,Mumbai,Wankhede Stadium,League,Chennai Super Kings,Rajasthan Royals,Rajasthan Royals,field,Chennai Super Kings,runs,45,N,Standard,189.0,20.0,MM Ali
1254070,2021,2021-04-20,Chennai,MA Chidambaram Stadium,League,Mumbai Indians,Delhi Capitals,Mumbai Indians,bat,Delhi Capitals,wickets,6,N,Standard,138.0,20.0,A Mishra
1254071,2021,2021-04-21,Chennai,MA Chidambaram Stadium,League,Punjab Kings,Sunrisers Hyderabad,Punjab Kings,bat,Sunrisers Hyderabad,wickets,9,N,Standard,121.0,20.0,JM Bairstow
1254072,2021,2021-04-21,Mumbai,Wankhede Stadium,League,Chennai Super Kings,Kolkata Knight Riders,Kolkata Knight Riders,field,Chennai Super Kings,runs,18,N,Standard,221.0,20.0,F du Plessis
1254073,2021,2021-04-22,Mumbai,Wankhede Stadium,League,Rajasthan Royals,Royal Challengers Bengaluru,Royal Challengers Bengaluru,field,Royal Challengers Bengaluru,wickets,10,N,Standard,178.0,20.0,D Padikkal
1254074,2021,2021-04-23,Chennai,MA Chidambaram Stadium,League,Mumbai Indians,Punjab Kings,Punjab Kings,field,Punjab Kings,wickets,9,N,Standard,132.0,20.0,KL Rahul
1254075,2021,2021-04-24,Mumbai,Wankhede Stadium,League,Kolkata Knight Riders,Rajasthan Royals,Rajasthan Royals,field,Rajasthan Royals,wickets,6,N,Standard,134.0,20.0,CH Morris
1254076,2021,2021-04-25,Mumbai,Wankhede Stadium,League,Chennai Super Kings,Royal Challengers Bengaluru,Chennai Super Kings,bat,Chennai Super Kings,runs,69,N,Standard,192.0,20.0,RA Jadeja
1254077,2021,2021-04-25,Chennai,MA Chidambaram Stadium,League,Delhi Capitals,Sunrisers Hyderabad,Delhi Capitals,bat,Delhi Capitals,tie,0,Y,Standard,160.0,20.0,PP Shaw
1254078,2021,2021-04-26,Ahmedabad,Narendra Modi Stadium,League,Punjab Kings,Kolkata Knight Riders,Kolkata Knight Riders,field,Kolkata Knight Riders,wickets,5,N,Standard,124.0,20.0,EJG Morgan
1254079,2021,2021-04-27,Ahmedabad,Narendra Modi Stadium,League,Royal Challengers Bengaluru,Delhi Capitals,Delhi Capitals,field,Royal Challengers Bengaluru,runs,1,N,Standard,172.0,20.0,AB de Villiers
1254080,2021,2021-04-28,Delhi,Arun Jaitley Stadium,League,Sunrisers Hyderabad,Chennai Super Kings,Sunrisers Hyderabad,bat,Chennai Super Kings,wickets,7,N,Standard,172.0,20.0,RD Gaikwad
1254081,2021,2021-04-29,Delhi,Arun Jaitley Stadium,League,Rajasthan Royals,Mumbai Indians,Mumbai Indians,field,Mumbai Indians,wickets,7,N,Standard,172.0,20.0,Q de Kock
1254082,2021,2021-04-29,Ahmedabad,Narendra Modi Stadium,League,Kolkata Knight Riders,Delhi Capitals,Delhi Capitals,field,Delhi Capitals,wickets,7,N,Standard,155.0,20.0,PP Shaw
1254083,2021,2021-04-30,Ahmedabad,Narendra Modi Stadium,League,Punjab Kings,Royal Challengers Bengaluru,Royal Challengers Bengaluru,field,Punjab Kings,runs,34,N,Standard,180.0,20.0,Harpreet Brar
1254084,2021,2021-05-01,Delhi,Arun Jaitley Stadium,League,Chennai Super Kings,Mumbai Indians,Mumbai Indians,field,Mumbai Indians,wickets,4,N,Standard,219.0,20.0,KA Pollard
1254085,2021,2021-05-02,Delhi,Arun Jaitley Stadium,League,Rajasthan Royals,Sunrisers Hyderabad,Sunrisers Hyderabad,field,Rajasthan Royals,runs,55,N,Standard,221.0,20.0,JC Buttler
1254086,2021,2021-05-02,Ahmedabad,Narendra Modi Stadium,League,Punjab Kings,Delhi Capitals,Delhi Capitals,field,Delhi Capitals,wickets,7,N,Standard,167.0,20.0,MA Agarwal
1254087,2021,2021-09-20,Abu Dhabi,Zayed Cricket Stadium,League,Royal Challengers Bengaluru,Kolkata Knight Riders,Royal Challengers Bengaluru,bat,Kolkata Knight Riders,wickets,9,N,Standard,93.0,20.0,CV Varun
1254088,2021,2021-10-08,Abu Dhabi,Zayed Cricket Stadium,League,Mumbai Indians,Sunrisers Hyderabad,Mumbai Indians,bat,Mumbai Indians,runs,42,N,Standard,236.0,20.0,Ishan Kishan
1254089,2021,2021-10-02,Abu Dhabi,Zayed Cricket Stadium,League,Chennai Super Kings,Rajasthan Royals,Rajasthan Royals,field,Rajasthan Royals,wickets,7,N,Standard,190.0,20.0,RD Gaikwad
1254090,2021,2021-10-03,Sharjah,Sharjah Cricket Stadium,League,Royal Challengers Bengaluru,Punjab Kings,Royal Challengers Bengaluru,bat,Royal Challengers Bengaluru,runs,6,N,Standard,165.0,20.0,GJ Maxwell
1254091,2021,2021-09-30,Sharjah,Sharjah Cricket Stadium,League,Sunrisers Hyderabad,Chennai Super Kings,Chennai Super Kings,field,Chennai Super Kings,wickets,6,N,Standard,135.0,20.0,JR Hazlewood
1254092,2021,2021-09-28,Sharjah,Sharjah Cricket Stadium,League,Delhi Capitals,Kolkata Knight Riders,Kolkata Knight Riders,field,Kolkata Knight Riders,wickets,3,N,Standard,128.0,20.0,SP Narine
1254093,2021,2021-10-05,Sharjah,Sharjah Cricket Stadium,League,Rajasthan Royals,Mumbai Indians,Mumbai Indians,field,Mumbai Indians,wickets,8,N,Standard,91.0,20.0,NM Coulter-Nile
1254094,2021,2021-10-07,Dubai,Dubai International Cricket Stadium,League,Chennai Super Kings,Punjab Kings,Punjab Kings,field,Punjab Kings,wickets,6,N,Standard,135.0,20.0,KL Rahul
1254095,2021,2021-10-06,Abu Dhabi,Zayed Cricket Stadium,League,Sunrisers Hyderabad,Royal Challengers Bengaluru,Royal Challengers Bengaluru,field,Sunrisers Hyderabad,runs,4,N,Standard,142.0,20.0,KS Williamson
1254096,2021,2021-09-23,Abu Dhabi,Zayed Cricket Stadium,League,Mumbai Indians,Kolkata Knight Riders,Kolkata Knight Riders,field,Kolkata Knight Riders,wickets,7,N,Standard,156.0,20.0,SP Narine
1254097,2021,2021-09-25,Abu Dhabi,Zayed Cricket Stadium,League,Delhi Capitals,Rajasthan Royals,Rajasthan Royals,field,Delhi Capitals,runs,33,N,Standard,155.0,20.0,SS Iyer
1254098,2021,2021-09-26,Abu Dhabi,Zayed Cricket Stadium,League,Kolkata Knight Riders,Chennai Super Kings,Kolkata Knight Riders,bat,Chennai Super Kings,wickets,2,N,Standard,172.0,20.0,RA Jadeja
1254099,2021,2021-09-28,Abu Dhabi,Zayed Cricket Stadium,League,Punjab Kings,Mumbai Indians,Mumbai Indians,field,Mumbai Indians,wickets,6,N,Standard,136.0,20.0,KA Pollard
1254100,2021,2021-09-27,Dubai,Dubai International Cricket Stadium,League,Rajasthan Royals,Sunrisers Hyderabad,Rajasthan Royals,bat,Sunrisers Hyderabad,wickets,7,N,Standard,165.0,20.0,JJ Roy
1254101,2021,2021-10-08,Dubai,Dubai International Cricket Stadium,League,Delhi Capitals,Royal Challengers Bengaluru,Royal Challengers Bengaluru,field,Royal Challengers Bengaluru,wickets,7,N,Standard,165.0,20.0,KS Bharat
1254102,2021,2021-10-01,Dubai,Dubai International Cricket Stadium,League,Kolkata Knight Riders,Punjab Kings,Punjab Kings,field,Punjab Kings,wickets,5,N,Standard,166.0,20.0,KL Rahul
1254103,2021,2021-09-29,Dubai,Dubai International Cricket Stadium,League,Rajasthan Royals,Royal Challengers Bengaluru,Royal Challengers Bengaluru,field,Royal Challengers Bengaluru,wickets,7,N,Standard,150.0,20.0,YS Chahal
1254104,2021,2021-09-19,Dubai,Dubai International Cricket Stadium,League,Chennai Super Kings,Mumbai Indians,Chennai Super Kings,bat,Chennai Super Kings,runs,20,N,Standard,157.0,20.0,RD Gaikwad
1254105,2021,2021-09-22,Dubai,Dubai International Cricket Stadium,League,Sunrisers Hyderabad,Delhi Capitals,Sunrisers Hyderabad,bat,Delhi Capitals,wickets,8,N,Standard,135.0,20.0,A Nortje
1254106,2021,2021-10-07,Sharjah,Sharjah Cricket Stadium,League,Kolkata Knight Riders,Rajasthan Royals,Rajasthan Royals,field,Kolkata Knight Riders,runs,86,N,Standard,172.0,20.0,Shivam Mavi
1254107,2021,2021-09-25,Sharjah,Sharjah Cricket Stadium,League,Punjab Kings,Sunrisers Hyderabad,Sunrisers Hyderabad,field,Punjab Kings,runs,5,N,Standard,126.0,20.0,JO Holder
1254108,2021,2021-09-26,Dubai,Dubai International Cricket Stadium,League,Royal Challengers Bengaluru,Mumbai Indians,Mumbai Indians,field,Royal Challengers Bengaluru,runs,54,N,Standard,166.0,20.0,GJ Maxwell
1254109,2021,2021-10-03,Dubai,Dubai International Cricket Stadium,League,Sunrisers Hyderabad,Kolkata Knight Riders,Sunrisers Hyderabad,bat,Kolkata Knight Riders,wickets,6,N,Standard,116.0,20.0,Shubman Gill
1254110,2021,2021-10-04,Dubai,Dubai International Cricket Stadium,League,Chennai Super Kings,Delhi Capitals,Delhi Capitals,field,Delhi Capitals,wickets,3,N,Standard,137.0,20.0,AR Patel
1254111,2021,2021-09-21,Dubai,Dubai International Cricket Stadium,League,Rajasthan Royals,Punjab Kings,Punjab Kings,field,Rajasthan Royals,runs,2,N,Standard,186.0,20.0,Kartik Tyagi
1254112,2021,2021-10-02,Sharjah,Sharjah Cricket Stadium,League,Mumbai Indians,Delhi Capitals,Delhi Capitals,field,Delhi Capitals,wickets,4,N,Standard,130.0,20.0,AR Patel
1254113,2021,2021-09-24,Sharjah,Sharjah Cricket Stadium,League,Royal Challengers Bengaluru,Chennai Super Kings,Chennai Super Kings,field,Chennai Super Kings,wickets,6,N,Standard,157.0,20.0,DJ Bravo
1254114,2021,2021-10-10,Dubai,Dubai International Cricket Stadium,Qualifier 1,Delhi Capitals,Chennai Super Kings,Chennai Super Kings,field,Chennai Super Kings,wickets,4,N,Standard,173.0,20.0,RD Gaikwad
1254115,2021,2021-10-11,Sharjah,Sharjah Cricket Stadium,Eliminator,Royal Challengers Bengaluru,Kolkata Knight Riders,Royal Challengers Bengaluru,bat,Kolkata Knight Riders,wickets,4,N,Standard,139.0,20.0,SP Narine
1254116,2021,2021-10-13,Sharjah,Sharjah Cricket Stadium,Qualifier 2,Delhi Capitals,Kolkata Knight Riders,Kolkata Knight Riders,field,Kolkata Knight Riders,wickets,3,N,Standard,136.0,20.0,VR Iyer
1254117,2021,2021-10-15,Dubai,Dubai International Cricket Stadium,Final,Chennai Super Kings,Kolkata Knight Riders,Kolkata Knight Riders,field,Chennai Super Kings,runs,27,N,Standard,193.0,20.0,F du Plessis
1304047,2022,2022-03-26,Mumbai,Wankhede Stadium,League,Chennai Super Kings,Kolkata Knight Riders,Kolkata Knight Riders,field,Kolkata Knight Riders,wickets,6,N,Standard,132.0,20.0,UT Yadav
1304048,2022,2022-03-27,Mumbai,Brabourne Stadium,League,Mumbai Indians,Delhi Capitals,Delhi Capitals,field,Delhi Capitals,wickets,4,N,Standard,178.0,20.0,Kuldeep Yadav
1304049,2022,2022-03-27,Mumbai,Dr DY Patil Sports Academy,League,Royal Challengers Bengaluru,Punjab Kings,Punjab Kings,field,Punjab Kings,wickets,5,N,Standard,206.0,20.0,OF Smith
1304050,2022,2022-03-28,Mumbai,Wankhede Stadium,League,Lucknow Super Giants,Gujarat Titans,Gujarat Titans,field,Gujarat Titans,wickets,5,N,Standard,159.0,20.0,Mohammed Shami
1304051,2022,2022-03-29,Pune,Maharashtra Cricket Association Stadium,League,Rajasthan Royals,Sunrisers Hyderabad,Sunrisers Hyderabad,field,Rajasthan Royals,runs,61,N,Standard,211.0,20.0,SV Samson
1304052,2022,2022-03-30,Mumbai,Dr DY Patil Sports Academy,League,Kolkata Knight Riders,Royal Challengers Bengaluru,Royal Challengers Bengaluru,field,Royal Challengers Bengaluru,wickets,3,N,Standard,129.0,20.0,PWH de Silva
1304053,2022,2022-03-31,Mumbai,Brabourne Stadium,League,Chennai Super Kings,Lucknow Super Giants,Lucknow Super Giants,field,Lucknow Super Giants,wickets,6,N,Standard,211.0,20.0,E Lewis
1304054,2022,2022-04-01,Mumbai,Wankhede Stadium,League,Punjab Kings,Kolkata Knight Riders,Kolkata Knight Riders,field,Kolkata Knight Riders,wickets,6,N,Standard,138.0,20.0,UT Yadav
1304055,2022,2022-04-02,Mumbai,Dr DY Patil Sports Academy,League,Rajasthan Royals,Mumbai Indians,Mumbai Indians,field,Rajasthan Royals,runs,23,N,Standard,194.0,20.0,JC Buttler
1304056,2022,2022-04-02,Pune,Maharashtra Cricket Association Stadium,League,Gujarat Titans,Delhi Capitals,Delhi Capitals,field,Gujarat Titans,runs,14,N,Standard,172.0,20.0,LH Ferguson
1304057,2022,2022-04-03,Mumbai,Brabourne Stadium,League,Punjab Kings,Chennai Super Kings,Chennai Super Kings,field,Punjab Kings,runs,54,N,Standard,181.0,20.0,LS Livingstone
1304058,2022,2022-04-04,Mumbai,Dr DY Patil Sports Academy,League,Lucknow Super Giants,Sunrisers Hyderabad,Sunrisers Hyderabad,field,Lucknow Super Giants,runs,12,N,Standard,170.0,20.0,Avesh Khan
1304059,2022,2022-04-05,Mumbai,Wankhede Stadium,League,Rajasthan Royals,Royal Challengers Bengaluru,Royal Challengers Bengaluru,field,Royal Challengers Bengaluru,wickets,4,N,Standard,170.0,20.0,KD Karthik
1304060,2022,2022-04-06,Pune,Maharashtra Cricket Association Stadium,League,Mumbai Indians,Kolkata Knight Riders,Kolkata Knight Riders,field,Kolkata Knight Riders,wickets,5,N,Standard,162.0,20.0,PJ Cummins
1304061,2022,2022-04-07,Mumbai,Dr DY Patil Sports Academy,League,Delhi Capitals,Lucknow Super Giants,Lucknow Super Giants,field,Lucknow Super Giants,wickets,6,N,Standard,150.0,20.0,Q de Kock
1304062,2022,2022-04-08,Mumbai,Brabourne Stadium,League,Punjab Kings,Gujarat Titans,Gujarat Titans,field,Gujarat Titans,wickets,6,N,Standard,190.0,20.0,Shubman Gill
1304063,2022,2022-04-09,Mumbai,Dr DY Patil Sports Academy,League,Chennai Super Kings,Sunrisers Hyderabad,Sunrisers Hyderabad,field,Sunrisers Hyderabad,wickets,8,N,Standard,155.0,20.0,Abhishek Sharma
1304064,2022,2022-04-09,Pune,Maharashtra Cricket Association Stadium,League,Mumbai Indians,Royal Challengers Bengaluru,Royal Challengers Bengaluru,field,Royal Challengers Bengaluru,wickets,7,N,Standard,152.0,20.0,Anuj Rawat
1304065,2022,2022-04-10,Mumbai,Brabourne Stadium,League,Delhi Capitals,Kolkata Knight Riders,Kolkata Knight Riders,field,Delhi Capitals,runs,44,N,Standard,216.0,20.0,Kuldeep Yadav
1304066,2022,2022-04-10,Mumbai,Wankhede Stadium,League,Rajasthan Royals,Lucknow Super Giants,Lucknow Super Giants,field,Rajasthan Royals,runs,3,N,Standard,166.0,20.0,YS Chahal
1304067,2022,2022-04-11,Mumbai,Dr DY Patil Sports Academy,League,Gujarat Titans,Sunrisers Hyderabad,Sunrisers Hyderabad,field,Sunrisers Hyderabad,wickets,8,N,Standard,163.0,20.0,KS Williamson
1304068,2022,2022-04-12,Mumbai,Dr DY Patil Sports Academy,League,Chennai Super Kings,Royal Challengers Bengaluru,Royal Challengers Bengaluru,field,Chennai Super Kings,runs,23,N,Standard,217.0,20.0,S Dube
1304069,2022,2022-04-13,Pune,Maharashtra Cricket Association Stadium,League,Punjab Kings,Mumbai Indians,Mumbai Indians,field,Punjab Kings,runs,12,N,Standard,199.0,20.0,MA Agarwal
1304070,2022,2022-04-14,Mumbai,Dr DY Patil Sports Academy,League,Gujarat Titans,Rajasthan Royals,Rajasthan Royals,field,Gujarat Titans,runs,37,N,Standard,193.0,20.0,HH Pandya
1304071,2022,2022-04-15,Mumbai,Brabourne Stadium,League,Kolkata Knight Riders,Sunrisers Hyderabad,Sunrisers Hyderabad,field,Sunrisers Hyderabad,wickets,7,N,Standard,176.0,20.0,RA Tripathi
1304072,2022,2022-04-16,Mumbai,Brabourne Stadium,League,Lucknow Super Giants,Mumbai Indians,Mumbai Indians,field,Lucknow Super Giants,runs,18,N,Standard,200.0,20.0,KL Rahul
1304073,2022,2022-04-16,Mumbai,Wankhede Stadium,League,Royal Challengers Bengaluru,Delhi Capitals,Delhi Capitals,field,Royal Challengers Bengaluru,runs,16,N,Standard,190.0,20.0,KD Karthik
1304074,2022,2022-04-17,Mumbai,Dr DY Patil Sports Academy,League,Punjab Kings,Sunrisers Hyderabad,Sunrisers Hyderabad,field,Sunrisers Hyderabad,wickets,7,N,Standard,152.0,20.0,Umran Malik
1304075,2022,2022-04-17,Pune,Maharashtra Cricket Association Stadium,League,Chennai Super Kings,Gujarat Titans,Gujarat Titans,field,Gujarat Titans,wickets,3,N,Standard,170.0,20.0,DA Miller
1304076,2022,2022-04-18,Mumbai,Brabourne Stadium,League,Rajasthan Royals,Kolkata Knight Riders,Kolkata Knight Riders,field,Rajasthan Royals,runs,7,N,Standard,218.0,20.0,YS Chahal
1304077,2022,2022-04-19,Mumbai,Dr DY Patil Sports Academy,League,Royal Challengers Bengaluru,Lucknow Super Giants,Lucknow Super Giants,field,Royal Challengers Bengaluru,runs,18,N,Standard,182.0,20.0,F du Plessis
1304078,2022,2022-04-20,Mumbai,Brabourne Stadium,League,Punjab Kings,Delhi Capitals,Delhi Capitals,field,Delhi Capitals,wickets,9,N,Standard,116.0,20.0,Kuldeep Yadav
1304079,2022,2022-04-21,Navi Mumbai,Dr DY Patil Sports Academy,League,Mumbai Indians,Chennai Super Kings,Chennai Super Kings,field,Chennai Super Kings,wickets,3,N,Standard,156.0,20.0,Mukesh Choudhary
1304080,2022,2022-04-22,Mumbai,Wankhede Stadium,League,Rajasthan Royals,Delhi Capitals,Delhi Capitals,field,Rajasthan Royals,runs,15,N,Standard,223.0,20.0,JC Buttler
1304081,2022,2022-04-23,Navi Mumbai,Dr DY Patil Sports Academy,League,Gujarat Titans,Kolkata Knight Riders,Gujarat Titans,bat,Gujarat Titans,runs,8,N,Standard,157.0,20.0,Rashid Khan
1304082,2022,2022-04-23,Mumbai,Brabourne Stadium,League,Royal Challengers Bengaluru,Sunrisers Hyderabad,Sunrisers Hyderabad,field,Sunrisers Hyderabad,wickets,9,N,Standard,69.0,20.0,M Jansen
1304083,2022,2022-04-24,Mumbai,Wankhede Stadium,League,Lucknow Super Giants,Mumbai Indians,Mumbai Indians,field,Lucknow Super Giants,runs,36,N,Standard,169.0,20.0,KL Rahul
1304084,2022,2022-04-25,Mumbai,Wankhede Stadium,League,Punjab Kings,Chennai Super Kings,Chennai Super Kings,field,Punjab Kings,runs,11,N,Standard,188.0,20.0,S Dhawan
1304085,2022,2022-04-26,Pune,Maharashtra Cricket Association Stadium,League,Rajasthan Royals,Royal Challengers Bengaluru,Royal Challengers Bengaluru,field,Rajasthan Royals,runs,29,N,Standard,145.0,20.0,R Parag
1304086,2022,2022-04-27,Mumbai,Wankhede Stadium,League,Sunrisers Hyderabad,Gujarat Titans,Gujarat Titans,field,Gujarat Titans,wickets,5,N,Standard,196.0,20.0,Umran Malik
1304087,2022,2022-04-28,Mumbai,Wankhede Stadium,League,Kolkata Knight Riders,Delhi Capitals,Delhi Capitals,field,Delhi Capitals,wickets,4,N,Standard,147.0,20.0,Kuldeep Yadav
1304088,2022,2022-04-29,Pune,Maharashtra Cricket Association Stadium,League,Lucknow Super Giants,Punjab Kings,Punjab Kings,field,Lucknow Super Giants,runs,20,N,Standard,154.0,20.0,KH Pandya
1304089,2022,2022-04-30,Mumbai,Brabourne Stadium,League,Royal Challengers Bengaluru,Gujarat Titans,Royal Challengers Bengaluru,bat,Gujarat Titans,wickets,6,N,Standard,171.0,20.0,R Tewatia
1304090,2022,2022-04-30,Navi Mumbai,Dr DY Patil Sports Academy,League,Rajasthan Royals,Mumbai Indians,Mumbai Indians,field,Mumbai Indians,wickets,5,N,Standard,159.0,20.0,SA Yadav
1304091,2022,2022-05-01,Mumbai,Wankhede Stadium,League,Lucknow Super Giants,Delhi Capitals,Lucknow Super Giants,bat,Lucknow Super Giants,runs,6,N,Standard,196.0,20.0,Mohsin Khan
1304092,2022,2022-05-01,Pune,Maharashtra Cricket Association Stadium,League,Chennai Super Kings,Sunrisers Hyderabad,Sunrisers Hyderabad,field,Chennai Super Kings,runs,13,N,Standard,203.0,20.0,RD Gaikwad
1304093,2022,2022-05-02,Mumbai,Wankhede Stadium,League,Rajasthan Royals,Kolkata Knight Riders,Kolkata Knight Riders,field,Kolkata Knight Riders,wickets,7,N,Standard,153.0,20.0,RK Singh
1304094,2022,2022-05-03,Navi Mumbai,Dr DY Patil Sports Academy,League,Gujarat Titans,Punjab Kings,Gujarat Titans,bat,Punjab Kings,wickets,8,N,Standard,144.0,20.0,K Rabada
1304095,2022,2022-05-04,Pune,Maharashtra Cricket Association Stadium,League,Royal Challengers Bengaluru,Chennai Super Kings,Chennai Super Kings,field,Royal Challengers Bengaluru,runs,13,N,Standard,174.0,20.0,HV Patel
1304096,2022,2022-05-05,Mumbai,Brabourne Stadium,League,Delhi Capitals,Sunrisers Hyderabad,Sunrisers Hyderabad,field,Delhi Capitals,runs,21,N,Standard,208.0,20.0,DA Warner
1304097,2022,2022-05-06,Mumbai,Brabourne Stadium,League,Mumbai Indians,Gujarat Titans,Gujarat Titans,field,Mumbai Indians,runs,5,N,Standard,178.0,20.0,TH David
1304098,2022,2022-05-07,Mumbai,Wankhede Stadium,League,Punjab Kings,Rajasthan Royals,Punjab Kings,bat,Rajasthan Royals,wickets,6,N,Standard,190.0,20.0,YBK Jaiswal
1304099,2022,2022-05-07,Pune,Maharashtra Cricket Association Stadium,League,Lucknow Super Giants,Kolkata Knight Riders,Kolkata Knight Riders,field,Lucknow Super Giants,runs,75,N,Standard,177.0,20.0,Avesh Khan
1304100,2022,2022-05-08,Mumbai,Wankhede Stadium,League,Royal Challengers Bengaluru,Sunrisers Hyderabad,Royal Challengers Bengaluru,bat,Royal Challengers Bengaluru,runs,67,N,Standard,193.0,20.0,PWH de Silva
1304101,2022,2022-05-08,Navi Mumbai,Dr DY Patil Sports Academy,League,Chennai Super Kings,Delhi Capitals,Delhi Capitals,field,Chennai Super Kings,runs,91,N,Standard,209.0,20.0,DP Conway
1304102,2022,2022-05-09,Navi Mumbai,Dr DY Patil Sports Academy,League,Kolkata Knight Riders,Mumbai Indians,Mumbai Indians,field,Kolkata Knight Riders,runs,52,N,Standard,166.0,20.0,JJ Bumrah
1304103,2022,2022-05-10,Pune,Maharashtra Cricket Association Stadium,League,Gujarat Titans,Lucknow Super Giants,Gujarat Titans,bat,Gujarat Titans,runs,62,N,Standard,145.0,20.0,Shubman Gill
1304104,2022,2022-05-11,Navi Mumbai,Dr DY Patil Sports Academy,League,Rajasthan Royals,Delhi Capitals,Delhi Capitals,field,Delhi Capitals,wickets,8,N,Standard,161.0,20.0,MR Marsh
1304105,2022,2022-05-12,Mumbai,Wankhede Stadium,League,Chennai Super Kings,Mumbai Indians,Mumbai Indians,field,Mumbai Indians,wickets,5,N,Standard,98.0,20.0,DR Sams
1304106,2022,2022-05-13,Mumbai,Brabourne Stadium,League,Punjab Kings,Royal Challengers Bengaluru,Royal Challengers Bengaluru,field,Punjab Kings,runs,54,N,Standard,210.0,20.0,JM Bairstow
1304107,2022,2022-05-14,Pune,Maharashtra Cricket Association Stadium,League,Kolkata Knight Riders,Sunrisers Hyderabad,Kolkata Knight Riders,bat,Kolkata Knight Riders,runs,54,N,Standard,178.0,20.0,AD Russell
1304108,2022,2022-05-15,Mumbai,Wankhede Stadium,League,Chennai Super Kings,Gujarat Titans,Chennai Super Kings,bat,Gujarat Titans,wickets,7,N,Standard,134.0,20.0,WP Saha
1304109,2022,2022-05-15,Mumbai,Brabourne Stadium,League,Rajasthan Royals,Lucknow Super Giants,Rajasthan Royals,bat,Rajasthan Royals,runs,24,N,Standard,179.0,20.0,TA Boult
1304110,2022,2022-05-16,Navi Mumbai,Dr DY Patil Sports Academy,League,Delhi Capitals,Punjab Kings,Punjab Kings,field,Delhi Capitals,runs,17,N,Standard,160.0,20.0,SN Thakur
1304111,2022,2022-05-17,Mumbai,Wankhede Stadium,League,Sunrisers Hyderabad,Mumbai Indians,Mumbai Indians,field,Sunrisers Hyderabad,runs,3,N,Standard,194.0,20.0,RA Tripathi
1304112,2022,2022-05-18,Navi Mumbai,Dr DY Patil Sports Academy,League,Lucknow Super Giants,Kolkata Knight Riders,Lucknow Super Giants,bat,Lucknow Super Giants,runs,2,N,Standard,211.0,20.0,Q de Kock
1304113,2022,2022-05-19,Mumbai,Wankhede Stadium,League,Gujarat Titans,Royal Challengers Bengaluru,Gujarat Titans,bat,Royal Challengers Bengaluru,wickets,8,N,Standard,169.0,20.0,V Kohli
1304114,2022,2022-05-20,Mumbai,Brabourne Stadium,League,Chennai Super Kings,Rajasthan Royals,Chennai Super Kings,bat,Rajasthan Royals,wickets,5,N,Standard,151.0,20.0,R Ashwin
1304115,2022,2022-05-21,Mumbai,Wankhede Stadium,League,Delhi Capitals,Mumbai Indians,Mumbai Indians,field,Mumbai Indians,wickets,5,N,Standard,160.0,20.0,JJ Bumrah
1304116,2022,2022-05-22,Mumbai,Wankhede Stadium,League,Sunrisers Hyderabad,Punjab Kings,Sunrisers Hyderabad,bat,Punjab Kings,wickets,5,N,Standard,158.0,20.0,Harpreet Brar
1312197,2022,2022-05-24,Kolkata,Eden Gardens,Qualifier 1,Rajasthan Royals,Gujarat Titans,Gujarat Titans,field,Gujarat Titans,wickets,7,N,Standard,189.0,20.0,DA Miller
1312198,2022,2022-05-25,Kolkata,Eden Gardens,Eliminator,Royal Challengers Bengaluru,Lucknow Super Giants,Lucknow Super Giants,field,Royal Challengers Bengaluru,runs,14,N,Standard,208.0,20.0,RM Patidar
1312199,2022,2022-05-27,Ahmedabad,Narendra Modi Stadium,Qualifier 2,Royal Challengers Bengaluru,Rajasthan Royals,Rajasthan Royals,field,Rajasthan Royals,wickets,7,N,Standard,158.0,20.0,JC Buttler
1312200,2022,2022-05-29,Ahmedabad,Narendra Modi Stadium,Final,Rajasthan Royals,Gujarat Titans,Rajasthan Royals,bat,Gujarat Titans,wickets,7,N,Standard,131.0,20.0,HH Pandya
1359475,2023,2023-03-31,Ahmedabad,Narendra Modi Stadium,League,Chennai Super Kings,Gujarat Titans,Gujarat Titans,field,Gujarat Titans,wickets,5,N,Standard,179.0,20.0,Rashid Khan
1359476,2023,2023-04-01,Chandigarh,Punjab Cricket Association IS Bindra Stadium,League,Punjab Kings,Kolkata Knight Riders,Kolkata Knight Riders,field,Punjab Kings,runs,7,N,D/L,154.0,16.0,Arshdeep Singh
1359477,2023,2023-04-01,Lucknow,Bharat Ratna Shri Atal Bihari Vajpayee Ekana Cricket Stadium,League,Lucknow Super Giants,Delhi Capitals,Delhi Capitals,field,Lucknow Super Giants,runs,50,N,Standard,194.0,20.0,MA Wood
1359478,2023,2023-04-02,Hyderabad,Rajiv Gandhi International Stadium,League,Rajasthan Royals,Sunrisers Hyderabad,Sunrisers Hyderabad,field,Rajasthan Royals,runs,72,N,Standard,204.0,20.0,JC Buttler
1359479,2023,2023-04-02,Bengaluru,M Chinnaswamy Stadium,League,Mumbai Indians,Royal Challengers Bengaluru,Royal Challengers Bengaluru,field,Royal Challengers Bengaluru,wickets,8,N,Standard,172.0,20.0,F du Plessis
1359480,2023,2023-04-03,Chennai,MA Chidambaram Stadium,League,Chennai Super Kings,Lucknow Super Giants,Lucknow Super Giants,field,Chennai Super Kings,runs,12,N,Standard,218.0,20.0,MM Ali
1359481,2023,2023-04-04,Delhi,Arun Jaitley Stadium,League,Delhi Capitals,Gujarat Titans,Gujarat Titans,field,Gujarat Titans,wickets,6,N,Standard,163.0,20.0,B Sai Sudharsan
1359482,2023,2023-04-05,Guwahati,Barsapara Cricket Stadium,League,Punjab Kings,Rajasthan Royals,Rajasthan Royals,field,Punjab Kings,runs,5,N,Standard,198.0,20.0,NT Ellis
1359483,2023,2023-04-06,Kolkata,Eden Gardens,League,Kolkata Knight Riders,Royal Challengers Bengaluru,Royal Challengers Bengaluru,field,Kolkata Knight Riders,runs,81,N,Standard,205.0,20.0,SN Thakur
1359484,2023,2023-04-07,Lucknow,Bharat Ratna Shri Atal Bihari Vajpayee Ekana Cricket Stadium,League,Sunrisers Hyderabad,Lucknow Super Giants,Sunrisers Hyderabad,bat,Lucknow Super Giants,wickets,5,N,Standard,122.0,20.0,KH Pandya
1359485,2023,2023-04-08,Guwahati,Barsapara Cricket Stadium,League,Rajasthan Royals,Delhi Capitals,Delhi Capitals,field,Rajasthan Royals,runs,57,N,Standard,200.0,20.0,YBK Jaiswal
1359486,2023,2023-04-08,Mumbai,Wankhede Stadium,League,Mumbai Indians,Chennai Super Kings,Chennai Super Kings,field,Chennai Super Kings,wickets,7,N,Standard,158.0,20.0,RA Jadeja
1359487,2023,2023-04-09,Ahmedabad,Narendra Modi Stadium,League,Gujarat Titans,Kolkata Knight Riders,Gujarat Titans,bat,Kolkata Knight Riders,wickets,3,N,Standard,205.0,20.0,RK Singh
1359488,2023,2023-04-09,Hyderabad,Rajiv Gandhi International Stadium,League,Punjab Kings,Sunrisers Hyderabad,Sunrisers Hyderabad,field,Sunrisers Hyderabad,wickets,8,N,Standard,144.0,20.0,S Dhawan
1359489,2023,2023-04-10,Bengaluru,M Chinnaswamy Stadium,League,Royal Challengers Bengaluru,Lucknow Super Giants,Lucknow Super Giants,field,Lucknow Super Giants,wickets,1,N,Standard,213.0,20.0,N Pooran
1359490,2023,2023-04-11,Delhi,Arun Jaitley Stadium,League,Delhi Capitals,Mumbai Indians,Mumbai Indians,field,Mumbai Indians,wickets,6,N,Standard,173.0,20.0,RG Sharma
1359491,2023,2023-04-12,Chennai,MA Chidambaram Stadium,League,Rajasthan Royals,Chennai Super Kings,Chennai Super Kings,field,Rajasthan Royals,runs,3,N,Standard,176.0,20.0,R Ashwin
1359492,2023,2023-04-13,Chandigarh,Punjab Cricket Association IS Bindra Stadium,League,Punjab Kings,Gujarat Titans,Gujarat Titans,field,Gujarat Titans,wickets,6,N,Standard,154.0,20.0,MM Sharma
1359493,2023,2023-04-14,Kolkata,Eden Gardens,League,Sunrisers Hyderabad,Kolkata Knight Riders,Kolkata Knight Riders,field,Sunrisers Hyderabad,runs,23,N,Standard,229.0,20.0,HC Brook
1359494,2023,2023-04-15,Bengaluru,M Chinnaswamy Stadium,League,Royal Challengers Bengaluru,Delhi Capitals,Delhi Capitals,field,Royal Challengers Bengaluru,runs,23,N,Standard,175.0,20.0,V Kohli
1359495,2023,2023-04-15,Lucknow,Bharat Ratna Shri Atal Bihari Vajpayee Ekana Cricket Stadium,League,Lucknow Super Giants,Punjab Kings,Punjab Kings,field,Punjab Kings,wickets,2,N,Standard,160.0,20.0,Sikandar Raza
1359496,2023,2023-04-16,Mumbai,Wankhede Stadium,League,Kolkata Knight Riders,Mumbai Indians,Mumbai Indians,field,Mumbai Indians,wickets,5,N,Standard,186.0,20.0,VR Iyer
1359497,2023,2023-04-16,Ahmedabad,Narendra Modi Stadium,League,Gujarat Titans,Rajasthan Royals,Rajasthan Royals,field,Rajasthan Royals,wickets,3,N,Standard,178.0,20.0,SO Hetmyer
1359498,2023,2023-04-17,Bengaluru,M Chinnaswamy Stadium,League,Chennai Super Kings,Royal Challengers Bengaluru,Royal Challengers Bengaluru,field,Chennai Super Kings,runs,8,N,Standard,227.0,20.0,DP Conway
1359499,2023,2023-04-18,Hyderabad,Rajiv Gandhi International Stadium,League,Mumbai Indians,Sunrisers Hyderabad,Sunrisers Hyderabad,field,Mumbai Indians,runs,14,N,Standard,193.0,20.0,C Green
1359500,2023,2023-04-19,Jaipur,Sawai Mansingh Stadium,League,Lucknow Super Giants,Rajasthan Royals,Rajasthan Royals,field,Lucknow Super Giants,runs,10,N,Standard,155.0,20.0,MP Stoinis
1359501,2023,2023-04-20,Chandigarh,Punjab Cricket Association IS Bindra Stadium,League,Royal Challengers Bengaluru,Punjab Kings,Punjab Kings,field,Royal Challengers Bengaluru,runs,24,N,Standard,175.0,20.0,Mohammed Siraj
1359502,2023,2023-04-20,Delhi,Arun Jaitley Stadium,League,Kolkata Knight Riders,Delhi Capitals,Delhi Capitals,field,Delhi Capitals,wickets,4,N,Standard,128.0,20.0,I Sharma
1359503,2023,2023-04-21,Chennai,MA Chidambaram Stadium,League,Sunrisers Hyderabad,Chennai Super Kings,Chennai Super Kings,field,Chennai Super Kings,wickets,7,N,Standard,135.0,20.0,RA Jadeja
1359504,2023,2023-04-22,Lucknow,Bharat Ratna Shri Atal Bihari Vajpayee Ekana Cricket Stadium,League,Gujarat Titans,Lucknow Super Giants,Gujarat Titans,bat,Gujarat Titans,runs,7,N,Standard,136.0,20.0,MM Sharma
1359505,2023,2023-04-22,Mumbai,Wankhede Stadium,League,Punjab Kings,Mumbai Indians,Mumbai Indians,field,Punjab Kings,runs,13,N,Standard,215.0,20.0,SM Curran
1359506,2023,2023-04-23,Bengaluru,M Chinnaswamy Stadium,League,Royal Challengers Bengaluru,Rajasthan Royals,Rajasthan Royals,field,Royal Challengers Bengaluru,runs,7,N,Standard,190.0,20.0,GJ Maxwell
1359507,2023,2023-04-23,Kolkata,Eden Gardens,League,Chennai Super Kings,Kolkata Knight Riders,Kolkata Knight Riders,field,Chennai Super Kings,runs,49,N,Standard,236.0,20.0,AM Rahane
1359508,2023,2023-04-24,Hyderabad,Rajiv Gandhi International Stadium,League,Delhi Capitals,Sunrisers Hyderabad,Delhi Capitals,bat,Delhi Capitals,runs,7,N,Standard,145.0,20.0,AR Patel
1359509,2023,2023-04-25,Ahmedabad,Narendra Modi Stadium,League,Gujarat Titans,Mumbai Indians,Mumbai Indians,field,Gujarat Titans,runs,55,N,Standard,208.0,20.0,A Manohar
1359510,2023,2023-04-26,Bengaluru,M Chinnaswamy Stadium,League,Kolkata Knight Riders,Royal Challengers Bengaluru,Royal Challengers Bengaluru,field,Kolkata Knight Riders,runs,21,N,Standard,201.0,20.0,CV Varun
1359511,2023,2023-04-27,Jaipur,Sawai Mansingh Stadium,League,Rajasthan Royals,Chennai Super Kings,Rajasthan Royals,bat,Rajasthan Royals,runs,32,N,Standard,203.0,20.0,YBK Jaiswal
1359512,2023,2023-04-28,Chandigarh,Punjab Cricket Association IS Bindra Stadium,League,Lucknow Super Giants,Punjab Kings,Punjab Kings,field,Lucknow Super Giants,runs,56,N,Standard,258.0,20.0,MP Stoinis
1359513,2023,2023-04-29,Kolkata,Eden Gardens,League,Kolkata Knight Riders,Gujarat Titans,Gujarat Titans,field,Gujarat Titans,wickets,7,N,Standard,180.0,20.0,J Little
1359514,2023,2023-04-29,Delhi,Arun Jaitley Stadium,League,Sunrisers Hyderabad,Delhi Capitals,Sunrisers Hyderabad,bat,Sunrisers Hyderabad,runs,9,N,Standard,198.0,20.0,MR Marsh
1359515,2023,2023-04-30,Chennai,MA Chidambaram Stadium,League,Chennai Super Kings,Punjab Kings,Chennai Super Kings,bat,Punjab Kings,wickets,4,N,Standard,201.0,20.0,DP Conway
1359516,2023,2023-04-30,Mumbai,Wankhede Stadium,League,Rajasthan Royals,Mumbai Indians,Rajasthan Royals,bat,Mumbai Indians,wickets,6,N,Standard,213.0,20.0,YBK Jaiswal
1359517,2023,2023-05-01,Lucknow,Bharat Ratna Shri Atal Bihari Vajpayee Ekana Cricket Stadium,League,Royal Challengers Bengaluru,Lucknow Super Giants,Royal Challengers Bengaluru,bat,Royal Challengers Bengaluru,runs,18,N,Standard,127.0,20.0,F du Plessis
1359518,2023,2023-05-02,Ahmedabad,Narendra Modi Stadium,League,Delhi Capitals,Gujarat Titans,Delhi Capitals,bat,Delhi Capitals,runs,5,N,Standard,131.0,20.0,Mohammed Shami
1359519,2023,2023-05-03,Lucknow,Bharat Ratna Shri Atal Bihari Vajpayee Ekana Cricket Stadium,League,Lucknow Super Giants,Chennai Super Kings,Chennai Super Kings,field,,no result,0,N,Standard,,,
1359520,2023,2023-05-03,Chandigarh,Punjab Cricket Association IS Bindra Stadium,League,Punjab Kings,Mumbai Indians,Mumbai Indians,field,Mumbai Indians,wickets,6,N,Standard,215.0,20.0,Ishan Kishan
1359521,2023,2023-05-04,Hyderabad,Rajiv Gandhi International Stadium,League,Kolkata Knight Riders,Sunrisers Hyderabad,Kolkata Knight Riders,bat,Kolkata Knight Riders,runs,5,N,Standard,172.0,20.0,CV Varun
1359522,2023,2023-05-05,Jaipur,Sawai Mansingh Stadium,League,Rajasthan Royals,Gujarat Titans,Rajasthan Royals,bat,Gujarat Titans,wickets,9,N,Standard,119.0,20.0,Rashid Khan
1359523,2023,2023-05-06,Chennai,MA Chidambaram Stadium,League,Mumbai Indians,Chennai Super Kings,Chennai Super Kings,field,Chennai Super Kings,wickets,6,N,Standard,140.0,20.0,M Pathirana
1359524,2023,2023-05-06,Delhi,Arun Jaitley Stadium,League,Royal Challengers Bengaluru,Delhi Capitals,Royal Challengers Bengaluru,bat,Delhi Capitals,wickets,7,N,Standard,182.0,20.0,PD Salt
1359525,2023,2023-05-07,Ahmedabad,Narendra Modi Stadium,League,Gujarat Titans,Lucknow Super Giants,Lucknow Super Giants,field,Gujarat Titans,runs,56,N,Standard,228.0,20.0,Shubman Gill
1359526,2023,2023-05-07,Jaipur,Sawai Mansingh Stadium,League,Rajasthan Royals,Sunrisers Hyderabad,Rajasthan Royals,bat,Sunrisers Hyderabad,wickets,4,N,Standard,215.0,20.0,GD Phillips
1359527,2023,2023-05-08,Kolkata,Eden Gardens,League,Punjab Kings,Kolkata Knight Riders,Punjab Kings,bat,Kolkata Knight Riders,wickets,5,N,Standard,180.0,20.0,AD Russell
1359528,2023,2023-05-09,Mumbai,Wankhede Stadium,League,Royal Challengers Bengaluru,Mumbai Indians,Mumbai Indians,field,Mumbai Indians,wickets,6,N,Standard,200.0,20.0,SA Yadav
1359529,2023,2023-05-10,Chennai,MA Chidambaram Stadium,League,Chennai Super Kings,Delhi Capitals,Chennai Super Kings,bat,Chennai Super Kings,runs,27,N,Standard,168.0,20.0,RA Jadeja
1359530,2023,2023-05-11,Kolkata,Eden Gardens,League,Kolkata Knight Riders,Rajasthan Royals,Rajasthan Royals,field,Rajasthan Royals,wickets,9,N,Standard,150.0,20.0,YBK Jaiswal
1359531,2023,2023-05-12,Mumbai,Wankhede Stadium,League,Mumbai Indians,Gujarat Titans,Gujarat Titans,field,Mumbai Indians,runs,27,N,Standard,219.0,20.0,SA Yadav
1359532,2023,2023-05-13,Hyderabad,Rajiv Gandhi International Stadium,League,Sunrisers Hyderabad,Lucknow Super Giants,Sunrisers Hyderabad,bat,Lucknow Super Giants,wickets,7,N,Standard,183.0,20.0,PN Mankad
1359533,2023,2023-05-13,Delhi,Arun Jaitley Stadium,League,Punjab Kings,Delhi Capitals,Delhi Capitals,field,Punjab Kings,runs,31,N,Standard,168.0,20.0,P Simran Singh
1359534,2023,2023-05-14,Jaipur,Sawai Mansingh Stadium,League,Royal Challengers Bengaluru,Rajasthan Royals,Royal Challengers Bengaluru,bat,Royal Challengers Bengaluru,runs,112,N,Standard,172.0,20.0,WD Parnell
1359535,2023,2023-05-14,Chennai,MA Chidambaram Stadium,League,Chennai Super Kings,Kolkata Knight Riders,Chennai Super Kings,bat,Kolkata Knight Riders,wickets,6,N,Standard,145.0,20.0,RK Singh
1359536,2023,2023-05-15,Ahmedabad,Narendra Modi Stadium,League,Gujarat Titans,Sunrisers Hyderabad,Sunrisers Hyderabad,field,Gujarat Titans,runs,34,N,Standard,189.0,20.0,Shubman Gill
1359537,2023,2023-05-16,Lucknow,Bharat Ratna Shri Atal Bihari Vajpayee Ekana Cricket Stadium,League,Lucknow Super Giants,Mumbai Indians,Mumbai Indians,field,Lucknow Super Giants,runs,5,N,Standard,178.0,20.0,MP Stoinis
1359538,2023,2023-05-17,Dharamsala,Himachal Pradesh Cricket Association Stadium,League,Delhi Capitals,Punjab Kings,Punjab Kings,field,Delhi Capitals,runs,15,N,Standard,214.0,20.0,RR Rossouw
1359539,2023,2023-05-18,Hyderabad,Rajiv Gandhi International Stadium,League,Sunrisers Hyderabad,Royal Challengers Bengaluru,Royal Challengers Bengaluru,field,Royal Challengers Bengaluru,wickets,8,N,Standard,187.0,20.0,V Kohli
1359540,2023,2023-05-19,Dharamsala,Himachal Pradesh Cricket Association Stadium,League,Punjab Kings,Rajasthan Royals,Rajasthan Royals,field,Rajasthan Royals,wickets,4,N,Standard,188.0,20.0,D Padikkal
1359541,2023,2023-05-20,Delhi,Arun Jaitley Stadium,League,Chennai Super Kings,Delhi Capitals,Chennai Super Kings,bat,Chennai Super Kings,runs,77,N,Standard,224.0,20.0,RD Gaikwad
1359542,2023,2023-05-20,Kolkata,Eden Gardens,League,Lucknow Super Giants,Kolkata Knight Riders,Kolkata Knight Riders,field,Lucknow Super Giants,runs,1,N,Standard,177.0,20.0,N Pooran
1359543,2023,2023-05-21,Mumbai,Wankhede Stadium,League,Sunrisers Hyderabad,Mumbai Indians,Mumbai Indians,field,Mumbai Indians,wickets,8,N,Standard,201.0,20.0,C Green
1359544,2023,2023-05-21,Bengaluru,M Chinnaswamy Stadium,League,Royal Challengers Bengaluru,Gujarat Titans,Gujarat Titans,field,Gujarat Titans,wickets,6,N,Standard,198.0,20.0,Shubman Gill
1370350,2023,2023-05-23,Chennai,MA Chidambaram Stadium,Qualifier 1,Chennai Super Kings,Gujarat Titans,Gujarat Titans,field,Chennai Super Kings,runs,15,N,Standard,173.0,20.0,RD Gaikwad
1370351,2023,2023-05-24,Chennai,MA Chidambaram Stadium,Eliminator,Mumbai Indians,Lucknow Super Giants,Mumbai Indians,bat,Mumbai Indians,runs,81,N,Standard,183.0,20.0,Akash Madhwal
1370352,2023,2023-05-26,Ahmedabad,Narendra Modi Stadium,Qualifier 2,Gujarat Titans,Mumbai Indians,Mumbai Indians,field,Gujarat Titans,runs,62,N,Standard,234.0,20.0,Shubman Gill
1370353,2023,2023-05-29,Ahmedabad,Narendra Modi Stadium,Final,Gujarat Titans,Chennai Super Kings,Chennai Super Kings,field,Chennai Super Kings,wickets,5,N,D/L,171.0,15.0,DP Conway
1422119,2024,2024-03-22,Chennai,MA Chidambaram Stadium,League,Royal Challengers Bengaluru,Chennai Super Kings,Royal Challengers Bengaluru,bat,Chennai Super Kings,wickets,6,N,Standard,174.0,20.0,Mustafizur Rahman
1422120,2024,2024-03-23,Mohali,Maharaja Yadavindra Singh International Cricket Stadium,League,Delhi Capitals,Punjab Kings,Punjab Kings,field,Punjab Kings,wickets,4,N,Standard,175.0,20.0,SM Curran
1422121,2024,2024-03-23,Kolkata,Eden Gardens,League,Kolkata Knight Riders,Sunrisers Hyderabad,Sunrisers Hyderabad,field,Kolkata Knight Riders,runs,4,N,Standard,209.0,20.0,AD Russell
1422122,2024,2024-03-24,Jaipur,Sawai Mansingh Stadium,League,Rajasthan Royals,Lucknow Super Giants,Rajasthan Royals,bat,Rajasthan Royals,runs,20,N,Standard,194.0,20.0,SV Samson
1422123,2024,2024-03-24,Ahmedabad,Narendra Modi Stadium,League,Gujarat Titans,Mumbai Indians,Mumbai Indians,field,Gujarat Titans,runs,6,N,Standard,169.0,20.0,B Sai Sudharsan
1422124,2024,2024-03-25,Bengaluru,M Chinnaswamy Stadium,League,Punjab Kings,Royal Challengers Bengaluru,Royal Challengers Bengaluru,field,Royal Challengers Bengaluru,wickets,4,N,Standard,177.0,20.0,V Kohli
1422125,2024,2024-03-26,Chennai,MA Chidambaram Stadium,League,Chennai Super Kings,Gujarat Titans,Gujarat Titans,field,Chennai Super Kings,runs,63,N,Standard,207.0,20.0,S Dube
1422126,2024,2024-03-27,Hyderabad,Rajiv Gandhi International Stadium,League,Sunrisers Hyderabad,Mumbai Indians,Mumbai Indians,field,Sunrisers Hyderabad,runs,31,N,Standard,278.0,20.0,Abhishek Sharma
1422127,2024,2024-03-28,Jaipur,Sawai Mansingh Stadium,League,Rajasthan Royals,Delhi Capitals,Delhi Capitals,field,Rajasthan Royals,runs,12,N,Standard,186.0,20.0,R Parag
1422128,2024,2024-03-29,Bengaluru,M Chinnaswamy Stadium,League,Royal Challengers Bengaluru,Kolkata Knight Riders,Kolkata Knight Riders,field,Kolkata Knight Riders,wickets,7,N,Standard,183.0,20.0,SP Narine
1422129,2024,2024-03-30,Lucknow,Bharat Ratna Shri Atal Bihari Vajpayee Ekana Cricket Stadium,League,Lucknow Super Giants,Punjab Kings,Lucknow Super Giants,bat,Lucknow Super Giants,runs,21,N,Standard,200.0,20.0,MP Yadav
1422130,2024,2024-03-31,Ahmedabad,Narendra Modi Stadium,League,Sunrisers Hyderabad,Gujarat Titans,Sunrisers Hyderabad,bat,Gujarat Titans,wickets,7,N,Standard,163.0,20.0,MM Sharma
1422131,2024,2024-03-31,Visakhapatnam,Dr. Y.S. Rajasekhara Reddy ACA-VDCA Cricket Stadium,League,Delhi Capitals,Chennai Super Kings,Delhi Capitals,bat,Delhi Capitals,runs,20,N,Standard,192.0,20.0,KK Ahmed
1422132,2024,2024-04-01,Mumbai,Wankhede Stadium,League,Mumbai Indians,Rajasthan Royals,Rajasthan Royals,field,Rajasthan Royals,wickets,6,N,Standard,126.0,20.0,TA Boult
1422133,2024,2024-04-02,Bengaluru,M Chinnaswamy Stadium,League,Lucknow Super Giants,Royal Challengers Bengaluru,Royal Challengers Bengaluru,field,Lucknow Super Giants,runs,28,N,Standard,182.0,20.0,MP Yadav
1422134,2024,2024-04-03,Visakhapatnam,Dr. Y.S. Rajasekhara Reddy ACA-VDCA Cricket Stadium,League,Kolkata Knight Riders,Delhi Capitals,Kolkata Knight Riders,bat,Kolkata Knight Riders,runs,106,N,Standard,273.0,20.0,SP Narine
1422135,2024,2024-04-04,Ahmedabad,Narendra Modi Stadium,League,Gujarat Titans,Punjab Kings,Punjab Kings,field,Punjab Kings,wickets,3,N,Standard,200.0,20.0,Shashank Singh
1422136,2024,2024-04-05,Hyderabad,Rajiv Gandhi International Stadium,League,Chennai Super Kings,Sunrisers Hyderabad,Sunrisers Hyderabad,field,Sunrisers Hyderabad,wickets,6,N,Standard,166.0,20.0,Abhishek Sharma
1422137,2024,2024-04-06,Jaipur,Sawai Mansingh Stadium,League,Royal Challengers Bengaluru,Rajasthan Royals,Rajasthan Royals,field,Rajasthan Royals,wickets,6,N,Standard,184.0,20.0,JC Buttler
1422138,2024,2024-04-07,Mumbai,Wankhede Stadium,League,Mumbai Indians,Delhi Capitals,Delhi Capitals,field,Mumbai Indians,runs,29,N,Standard,235.0,20.0,R Shepherd
1422139,2024,2024-04-07,Lucknow,Bharat Ratna Shri Atal Bihari Vajpayee Ekana Cricket Stadium,League,Lucknow Super Giants,Gujarat Titans,Lucknow Super Giants,bat,Lucknow Super Giants,runs,33,N,Standard,164.0,20.0,Yash Thakur
1426260,2024,2024-04-08,Chennai,MA Chidambaram Stadium,League,Kolkata Knight Riders,Chennai Super Kings,Chennai Super Kings,field,Chennai Super Kings,wickets,7,N,Standard,138.0,20.0,RA Jadeja
1426261,2024,2024-04-09,Mohali,Maharaja Yadavindra Singh International Cricket Stadium,League,Sunrisers Hyderabad,Punjab Kings,Punjab Kings,field,Sunrisers Hyderabad,runs,2,N,Standard,183.0,20.0,Nithish Kumar Reddy
1426262,2024,2024-04-10,Jaipur,Sawai Mansingh Stadium,League,Rajasthan Royals,Gujarat Titans,Gujarat Titans,field,Gujarat Titans,wickets,3,N,Standard,197.0,20.0,Rashid Khan
1426263,2024,2024-04-11,Mumbai,Wankhede Stadium,League,Royal Challengers Bengaluru,Mumbai Indians,Mumbai Indians,field,Mumbai Indians,wickets,7,N,Standard,197.0,20.0,JJ Bumrah
1426264,2024,2024-04-12,Lucknow,Bharat Ratna Shri Atal Bihari Vajpayee Ekana Cricket Stadium,League,Lucknow Super Giants,Delhi Capitals,Lucknow Super Giants,bat,Delhi Capitals,wickets,6,N,Standard,168.0,20.0,Kuldeep Yadav
1426265,2024,2024-04-13,Mohali,Maharaja Yadavindra Singh International Cricket Stadium,League,Punjab Kings,Rajasthan Royals,Rajasthan Royals,field,Rajasthan Royals,wickets,3,N,Standard,148.0,20.0,SO Hetmyer
1426266,2024,2024-04-14,Kolkata,Eden Gardens,League,Lucknow Super Giants,Kolkata Knight Riders,Kolkata Knight Riders,field,Kolkata Knight Riders,wickets,8,N,Standard,162.0,20.0,PD Salt
1426267,2024,2024-04-14,Mumbai,Wankhede Stadium,League,Chennai Super Kings,Mumbai Indians,Mumbai Indians,field,Chennai Super Kings,runs,20,N,Standard,207.0,20.0,M Pathirana
1426268,2024,2024-04-15,Bengaluru,M Chinnaswamy Stadium,League,Sunrisers Hyderabad,Royal Challengers Bengaluru,Royal Challengers Bengaluru,field,Sunrisers Hyderabad,runs,25,N,Standard,288.0,20.0,TM Head
1426269,2024,2024-04-16,Kolkata,Eden Gardens,League,Kolkata Knight Riders,Rajasthan Royals,Rajasthan Royals,field,Rajasthan Royals,wickets,2,N,Standard,224.0,20.0,JC Buttler
1426270,2024,2024-04-17,Ahmedabad,Narendra Modi Stadium,League,Gujarat Titans,Delhi Capitals,Delhi Capitals,field,Delhi Capitals,wickets,6,N,Standard,90.0,20.0,RR Pant
1426271,2024,2024-04-18,Mohali,Maharaja Yadavindra Singh International Cricket Stadium,League,Mumbai Indians,Punjab Kings,Punjab Kings,field,Mumbai Indians,runs,9,N,Standard,193.0,20.0,JJ Bumrah
1426272,2024,2024-04-19,Lucknow,Bharat Ratna Shri Atal Bihari Vajpayee Ekana Cricket Stadium,League,Chennai Super Kings,Lucknow Super Giants,Lucknow Super Giants,field,Lucknow Super Giants,wickets,8,N,Standard,177.0,20.0,KL Rahul
1426273,2024,2024-04-20,Delhi,Arun Jaitley Stadium,League,Sunrisers Hyderabad,Delhi Capitals,Delhi Capitals,field,Sunrisers Hyderabad,runs,67,N,Standard,267.0,20.0,TM Head
1426274,2024,2024-04-21,Kolkata,Eden Gardens,League,Kolkata Knight Riders,Royal Challengers Bengaluru,Royal Challengers Bengaluru,field,Kolkata Knight Riders,runs,1,N,Standard,223.0,20.0,AD Russell
1426275,2024,2024-04-21,Mohali,Maharaja Yadavindra Singh International Cricket Stadium,League,Punjab Kings,Gujarat Titans,Punjab Kings,bat,Gujarat Titans,wickets,3,N,Standard,143.0,20.0,R Sai Kishore
1426276,2024,2024-04-22,Jaipur,Sawai Mansingh Stadium,League,Mumbai Indians,Rajasthan Royals,Mumbai Indians,bat,Rajasthan Royals,wickets,9,N,Standard,180.0,20.0,Sandeep Sharma
1426277,2024,2024-04-23,Chennai,MA Chidambaram Stadium,League,Chennai Super Kings,Lucknow Super Giants,Lucknow Super Giants,field,Lucknow Super Giants,wickets,6,N,Standard,211.0,20.0,MP Stoinis
1426278,2024,2024-04-24,Delhi,Arun Jaitley Stadium,League,Delhi Capitals,Gujarat Titans,Gujarat Titans,field,Delhi Capitals,runs,4,N,Standard,225.0,20.0,RR Pant
1426279,2024,2024-04-25,Hyderabad,Rajiv Gandhi International Stadium,League,Royal Challengers Bengaluru,Sunrisers Hyderabad,Royal Challengers Bengaluru,bat,Royal Challengers Bengaluru,runs,35,N,Standard,207.0,20.0,RM Patidar
1426280,2024,2024-04-26,Kolkata,Eden Gardens,League,Kolkata Knight Riders,Punjab Kings,Punjab Kings,field,Punjab Kings,wickets,8,N,Standard,262.0,20.0,JM Bairstow
1426281,2024,2024-04-27,Delhi,Arun Jaitley Stadium,League,Delhi Capitals,Mumbai Indians,Mumbai Indians,field,Delhi Capitals,runs,10,N,Standard,258.0,20.0,J Fraser-McGurk
1426282,2024,2024-04-27,Lucknow,Bharat Ratna Shri Atal Bihari Vajpayee Ekana Cricket Stadium,League,Lucknow Super Giants,Rajasthan Royals,Rajasthan Royals,field,Rajasthan Royals,wickets,7,N,Standard,197.0,20.0,SV Samson
1426283,2024,2024-04-28,Ahmedabad,Narendra Modi Stadium,League,Gujarat Titans,Royal Challengers Bengaluru,Royal Challengers Bengaluru,field,Royal Challengers Bengaluru,wickets,9,N,Standard,201.0,20.0,WG Jacks
1426284,2024,2024-04-28,Chennai,MA Chidambaram Stadium,League,Chennai Super Kings,Sunrisers Hyderabad,Sunrisers Hyderabad,field,Chennai Super Kings,runs,78,N,Standard,213.0,20.0,RD Gaikwad
1426285,2024,2024-04-29,Kolkata,Eden Gardens,League,Delhi Capitals,Kolkata Knight Riders,Delhi Capitals,bat,Kolkata Knight Riders,wickets,7,N,Standard,154.0,20.0,CV Varun
1426286,2024,2024-04-30,Lucknow,Bharat Ratna Shri Atal Bihari Vajpayee Ekana Cricket Stadium,League,Mumbai Indians,Lucknow Super Giants,Lucknow Super Giants,field,Lucknow Super Giants,wickets,4,N,Standard,145.0,20.0,MP Stoinis
1426287,2024,2024-05-01,Chennai,MA Chidambaram Stadium,League,Chennai Super Kings,Punjab Kings,Punjab Kings,field,Punjab Kings,wickets,7,N,Standard,163.0,20.0,Harpreet Brar
1426288,2024,2024-05-02,Hyderabad,Rajiv Gandhi International Stadium,League,Sunrisers Hyderabad,Rajasthan Royals,Sunrisers Hyderabad,bat,Sunrisers Hyderabad,runs,1,N,Standard,202.0,20.0,B Kumar
1426289,2024,2024-05-03,Mumbai,Wankhede Stadium,League,Kolkata Knight Riders,Mumbai Indians,Mumbai Indians,field,Kolkata Knight Riders,runs,24,N,Standard,170.0,20.0,VR Iyer
1426290,2024,2024-05-04,Bengaluru,M Chinnaswamy Stadium,League,Gujarat Titans,Royal Challengers Bengaluru,Royal Challengers Bengaluru,field,Royal Challengers Bengaluru,wickets,4,N,Standard,148.0,20.0,Mohammed Siraj
1426291,2024,2024-05-05,Dharamsala,Himachal Pradesh Cricket Association Stadium,League,Chennai Super Kings,Punjab Kings,Punjab Kings,field,Chennai Super Kings,runs,28,N,Standard,168.0,20.0,RA Jadeja
1426292,2024,2024-05-05,Lucknow,Bharat Ratna Shri Atal Bihari Vajpayee Ekana Cricket Stadium,League,Kolkata Knight Riders,Lucknow Super Giants,Lucknow Super Giants,field,Kolkata Knight Riders,runs,98,N,Standard,236.0,20.0,SP Narine
1426293,2024,2024-05-06,Mumbai,Wankhede Stadium,League,Sunrisers Hyderabad,Mumbai Indians,Mumbai Indians,field,Mumbai Indians,wickets,7,N,Standard,174.0,20.0,SA Yadav
1426294,2024,2024-05-07,Delhi,Arun Jaitley Stadium,League,Delhi Capitals,Rajasthan Royals,Rajasthan Royals,field,Delhi Capitals,runs,20,N,Standard,222.0,20.0,Kuldeep Yadav
1426295,2024,2024-05-08,Hyderabad,Rajiv Gandhi International Stadium,League,Lucknow Super Giants,Sunrisers Hyderabad,Lucknow Super Giants,bat,Sunrisers Hyderabad,wickets,10,N,Standard,166.0,20.0,TM Head
1426296,2024,2024-05-09,Dharamsala,Himachal Pradesh Cricket Association Stadium,League,Royal Challengers Bengaluru,Punjab Kings,Punjab Kings,field,Royal Challengers Bengaluru,runs,60,N,Standard,242.0,20.0,V Kohli
1426297,2024,2024-05-10,Ahmedabad,Narendra Modi Stadium,League,Gujarat Titans,Chennai Super Kings,Chennai Super Kings,field,Gujarat Titans,runs,35,N,Standard,232.0,20.0,Shubman Gill
1426298,2024,2024-05-11,Kolkata,Eden Gardens,League,Kolkata Knight Riders,Mumbai Indians,Mumbai Indians,field,Kolkata Knight Riders,runs,18,N,Standard,158.0,16.0,CV Varun
1426299,2024,2024-05-12,Chennai,MA Chidambaram Stadium,League,Rajasthan Royals,Chennai Super Kings,Rajasthan Royals,bat,Chennai Super Kings,wickets,5,N,Standard,142.0,20.0,Simarjeet Singh
1426300,2024,2024-05-12,Bengaluru,M Chinnaswamy Stadium,League,Royal Challengers Bengaluru,Delhi Capitals,Delhi Capitals,field,Royal Challengers Bengaluru,runs,47,N,Standard,188.0,20.0,C Green
1426302,2024,2024-05-14,Delhi,Arun Jaitley Stadium,League,Delhi Capitals,Lucknow Super Giants,Lucknow Super Giants,field,Delhi Capitals,runs,19,N,Standard,209.0,20.0,I Sharma
1426303,2024,2024-05-15,Guwahati,Barsapara Cricket Stadium,League,Rajasthan Royals,Punjab Kings,Rajasthan Royals,bat,Punjab Kings,wickets,5,N,Standard,145.0,20.0,SM Curran
1426305,2024,2024-05-17,Mumbai,Wankhede Stadium,League,Lucknow Super Giants,Mumbai Indians,Mumbai Indians,field,Lucknow Super Giants,runs,18,N,Standard,215.0,20.0,N Pooran
1426306,2024,2024-05-18,Bengaluru,M Chinnaswamy Stadium,League,Royal Challengers Bengaluru,Chennai Super Kings,Chennai Super Kings,field,Royal Challengers Bengaluru,runs,27,N,Standard,219.0,20.0,F du Plessis
1426307,2024,2024-05-19,Hyderabad,Rajiv Gandhi International Stadium,League,Punjab Kings,Sunrisers Hyderabad,Punjab Kings,bat,Sunrisers Hyderabad,wickets,4,N,Standard,215.0,20.0,Abhishek Sharma
1426309,2024,2024-05-21,Ahmedabad,Narendra Modi Stadium,Qualifier 1,Sunrisers Hyderabad,Kolkata Knight Riders,Sunrisers Hyderabad,bat,Kolkata Knight Riders,wickets,8,N,Standard,160.0,20.0,MA Starc
1426310,2024,2024-05-22,Ahmedabad,Narendra Modi Stadium,Eliminator,Royal Challengers Bengaluru,Rajasthan Royals,Rajasthan Royals,field,Rajasthan Royals,wickets,4,N,Standard,173.0,20.0,R Ashwin
1426311,2024,2024-05-24,Chennai,MA Chidambaram Stadium,Qualifier 2,Sunrisers Hyderabad,Rajasthan Royals,Rajasthan Royals,field,Sunrisers Hyderabad,runs,36,N,Standard,176.0,20.0,Shahbaz Ahmed
1426312,2024,2024-05-26,Chennai,MA Chidambaram Stadium,Final,Sunrisers Hyderabad,Kolkata Knight Riders,Sunrisers Hyderabad,bat,Kolkata Knight Riders,wickets,8,N,Standard,114.0,20.0,MA Starc
